date;opération;stratégie;symbol;sens;date ouv.;date signal;volume;prix ouv;prix actuel;prix ferm;prix_clot;commis;profit;p reel;messag
2026-03-23 12:05:18.854541;Close OK. order_send(): by;pmxRKO;ETHUSD;sell;2026-03-23 10:42:45;2026-03-23 09:42:00;1.0;2030.77;2063.58;2063.33;2062.98;0.00;-28.53;-28.00;norm
2026-03-23 12:05:55.716844;Close OK. order_send(): by;pmxRKO;ETHUSD;buy;2026-03-23 15:05:18;2026-03-23 14:05:00;1.0;2062.98;2107.37;2108.42;2107.27;0.00;38.35;38.28;tp
2026-03-23 12:10:10.589896;Close OK. order_send(): by;pmxRKO;ETHUSD;buy;2026-03-23 15:05:58;2026-03-23 14:05:00;1.0;2121.38;2161.62;2161.62;2160.72;0.00;34.75;33.98;tp
2026-03-23 12:46:46.629118;Close OK. order_send(): by;pmxRKO;ETHUSD;buy;2026-03-23 15:11:20;2026-03-23 14:11:00;1.0;2170.78;2146.62;2146.62;2146.77;0.00;-20.86;-20.73;norm
2026-03-24 12:35:04.151115;Close OK. order_send(): by;pmxRKO;ETHUSD;sell;2026-03-24 02:04:07;2026-03-24 01:04:00;1.0;2149.07;2168.73;2169.78;2170.58;0.00;-16.96;-18.55;norm
2026-03-24 14:39:22.282460;Close OK. order_send(): by;pmxRKO;ETHUSD;buy;2026-03-24 15:35:04;2026-03-24 14:35:00;1.0;2169.78;2145.37;2145.67;2145.67;0.00;-21.09;-20.83;norm
2026-03-25 01:42:40.271609;Close OK. order_send(): by;pmxRKO;ETHUSD;sell;2026-03-24 17:39:22;2026-03-24 16:39:00;1.0;2143.07;2169.33;2169.38;2169.33;0.00;-23.35;-22.58;norm
2026-03-30 01:00:54.458435;Close OK. order_send(): by;pmxRKO;ETHUSD;sell;2026-03-30 03:55:15;2026-03-30 01:55:00;1.0;1958.52;1982.38;1982.48;1982.68;0.00;-20.76;-21.02;norm
2026-03-30 02:20:15.809552;Close OK. order_send(): by;pmxRKO;ETHUSD;buy;2026-03-30 04:00:54;None;1.0;1983.08;2013.77;2013.37;2011.62;0.00;26.67;24.81;norm
2026-03-30 04:45:56.562651;Close OK. order_send(): by;pmxRKO;ETHUSD;buy;2026-03-30 05:20:16;None;1.0;2015.43;2024.47;2023.52;2024.12;0.00;7.85;7.55;norm
2026-03-30 21:05:19.067836;Close OK. order_send(): by;pmxRKO;ETHUSD;buy;2026-03-30 22:22:43;2026-03-30 20:22:00;1.0;2048.88;2024.92;2024.92;2024.97;0.00;-20.91;-20.86;norm
2026-03-31 03:23:42.494429;Close OK. order_send(): by;pmxRKO;ETHUSD;sell;2026-03-31 04:02:22;2026-03-31 02:02:00;1.0;2018.17;2053.58;2053.73;2053.73;0.00;-30.84;-30.97;sl
2026-03-31 15:10:12.658139;Close OK. order_send(): by;pmxRKO;ETHUSD;sell;2026-03-31 14:23:13;2026-03-31 12:23:00;1.0;2023.32;2058.38;2058.53;2058.38;0.00;-30.45;-30.45;sl
2026-03-31 17:14:09.546836;Close OK. order_send(): by;pmxRKO;ETHUSD;sell;2026-03-31 19:51:41;2026-03-31 17:51:00;1.0;2041.87;2077.63;2077.23;2077.28;0.00;-31.02;-30.71;sl
2026-04-01 11:08:19.726191;Close OK. order_send(): by;pmxRKO;ETHUSD;sell;2026-04-01 14:08:18;2026-04-01 12:08:00;1.0;2132.02;2134.68;2134.68;2134.53;0.00;-2.29;-2.16;pente
2026-04-01 11:08:21.327602;Close OK. order_send(): by;pmxRKO;ETHUSD;sell;2026-04-01 14:08:20;2026-04-01 12:08:00;1.0;2131.62;2134.08;2134.08;2133.98;0.00;-2.12;-2.04;pente
2026-04-01 11:08:22.963277;Close OK. order_send(): by;pmxRKO;ETHUSD;sell;2026-04-01 14:08:21;2026-04-01 12:08:00;1.0;2131.02;2133.93;2133.93;2134.08;0.00;-2.51;-2.64;pente
2026-04-01 11:08:24.569723;Close OK. order_send(): by;pmxRKO;ETHUSD;sell;2026-04-01 14:08:23;2026-04-01 12:08:00;1.0;2131.52;2134.38;2134.63;2134.28;0.00;-2.47;-2.38;pente
2026-04-01 11:08:26.166976;Close OK. order_send(): by;pmxRKO;ETHUSD;sell;2026-04-01 14:08:25;2026-04-01 12:08:00;1.0;2131.57;2134.38;2134.38;2134.38;0.00;-2.42;-2.42;pente
2026-04-01 11:08:27.807841;Close OK. order_send(): by;pmxRKO;ETHUSD;sell;2026-04-01 14:08:26;2026-04-01 12:08:00;1.0;2131.87;2134.13;2134.13;2134.23;0.00;-1.95;-2.04;pente
2026-04-01 11:08:29.408542;Close OK. order_send(): by;pmxRKO;ETHUSD;sell;2026-04-01 14:08:28;2026-04-01 12:08:00;1.0;2131.72;2133.73;2133.73;2133.83;0.00;-1.73;-1.82;pente
2026-04-01 11:08:31.046558;Close OK. order_send(): by;pmxRKO;ETHUSD;sell;2026-04-01 14:08:29;2026-04-01 12:08:00;1.0;2131.12;2133.33;2133.33;2133.38;0.00;-1.91;-1.95;pente
2026-04-01 11:08:32.686841;Close OK. order_send(): by;pmxRKO;ETHUSD;sell;2026-04-01 14:08:31;2026-04-01 12:08:00;1.0;2130.82;2133.53;2133.53;2133.28;0.00;-2.34;-2.12;pente
2026-04-01 11:08:34.485670;Close OK. order_send(): by;pmxRKO;ETHUSD;sell;2026-04-01 14:08:33;2026-04-01 12:08:00;1.0;2130.77;2133.33;2133.33;2133.08;0.00;-2.21;-1.99;pente
2026-04-01 11:08:36.104886;Close OK. order_send(): by;pmxRKO;ETHUSD;sell;2026-04-01 14:08:34;2026-04-01 12:08:00;1.0;2129.72;2132.73;2132.73;2133.03;0.00;-2.60;-2.85;pente
2026-04-01 11:08:37.728960;Close OK. order_send(): by;pmxRKO;ETHUSD;sell;2026-04-01 14:08:36;2026-04-01 12:08:00;1.0;2130.52;2133.33;2133.33;2133.43;0.00;-2.42;-2.51;pente
2026-04-01 11:08:39.326543;Close OK. order_send(): by;pmxRKO;ETHUSD;sell;2026-04-01 14:08:38;2026-04-01 12:08:00;1.0;2130.82;2133.38;2133.38;2133.38;0.00;-2.21;-2.21;pente
2026-04-01 11:08:40.964879;Close OK. order_send(): by;pmxRKO;ETHUSD;sell;2026-04-01 14:08:39;2026-04-01 12:08:00;1.0;2130.47;2133.18;2133.18;2133.38;0.00;-2.34;-2.51;pente
2026-04-01 11:08:42.607400;Close OK. order_send(): by;pmxRKO;ETHUSD;sell;2026-04-01 14:08:41;2026-04-01 12:08:00;1.0;2130.47;2133.13;2133.13;2133.13;0.00;-2.29;-2.29;pente
2026-04-01 11:08:44.223039;Close OK. order_send(): by;pmxRKO;ETHUSD;sell;2026-04-01 14:08:43;2026-04-01 12:08:00;1.0;2130.67;2133.08;2133.08;2133.13;0.00;-2.08;-2.12;pente
2026-04-01 11:08:45.820721;Close OK. order_send(): by;pmxRKO;ETHUSD;sell;2026-04-01 14:08:44;2026-04-01 12:08:00;1.0;2130.92;2133.43;2133.43;2133.33;0.00;-2.16;-2.08;pente
2026-04-01 11:08:47.438254;Close OK. order_send(): by;pmxRKO;ETHUSD;sell;2026-04-01 14:08:46;2026-04-01 12:08:00;1.0;2130.57;2133.08;2133.08;2133.13;0.00;-2.16;-2.21;pente
2026-04-01 11:08:49.269082;Close OK. order_send(): by;pmxRKO;ETHUSD;sell;2026-04-01 14:08:47;2026-04-01 12:08:00;1.0;2130.57;2133.23;2133.23;2133.23;0.00;-2.29;-2.29;pente
2026-04-01 11:08:50.919878;Close OK. order_send(): by;pmxRKO;ETHUSD;sell;2026-04-01 14:08:49;2026-04-01 12:08:00;1.0;2130.77;2133.23;2133.23;2133.38;0.00;-2.12;-2.25;pente
2026-04-01 11:08:52.495518;Close OK. order_send(): by;pmxRKO;ETHUSD;sell;2026-04-01 14:08:51;2026-04-01 12:08:00;1.0;2130.82;2133.58;2133.58;2133.03;0.00;-2.38;-1.91;pente
2026-04-01 11:08:54.133468;Close OK. order_send(): by;pmxRKO;ETHUSD;sell;2026-04-01 14:08:52;2026-04-01 12:08:00;1.0;2130.57;2133.28;2133.28;2133.23;0.00;-2.34;-2.29;pente
2026-04-01 11:08:55.766900;Close OK. order_send(): by;pmxRKO;ETHUSD;sell;2026-04-01 14:08:54;2026-04-01 12:08:00;1.0;2130.72;2133.63;2133.23;2133.33;0.00;-2.51;-2.25;pente
2026-04-01 11:08:57.378126;Close OK. order_send(): by;pmxRKO;ETHUSD;sell;2026-04-01 14:08:56;2026-04-01 12:08:00;1.0;2130.77;2133.13;2133.13;2133.33;0.00;-2.04;-2.21;pente
2026-04-01 11:08:58.968660;Close OK. order_send(): by;pmxRKO;ETHUSD;sell;2026-04-01 14:08:57;2026-04-01 12:08:00;1.0;2130.77;2133.63;2133.63;2133.63;0.00;-2.47;-2.47;pente
2026-04-01 11:09:00.566866;Close OK. order_send(): by;pmxRKO;ETHUSD;sell;2026-04-01 14:08:59;2026-04-01 12:08:00;1.0;2131.12;2133.63;2133.63;2133.68;0.00;-2.16;-2.21;pente
2026-04-01 11:09:02.165342;Close OK. order_send(): by;pmxRKO;ETHUSD;sell;2026-04-01 14:09:01;2026-04-01 12:09:00;1.0;2131.12;2133.63;2133.63;2133.63;0.00;-2.16;-2.16;pente
2026-04-01 11:09:03.776537;Close OK. order_send(): by;pmxRKO;ETHUSD;sell;2026-04-01 14:09:02;2026-04-01 12:09:00;1.0;2130.97;2133.58;2133.58;2133.48;0.00;-2.25;-2.16;pente
2026-04-01 11:09:05.415320;Close OK. order_send(): by;pmxRKO;ETHUSD;sell;2026-04-01 14:09:04;2026-04-01 12:09:00;1.0;2130.77;2133.48;2133.48;2133.28;0.00;-2.34;-2.16;pente
2026-04-01 11:09:07.086502;Close OK. order_send(): by;pmxRKO;ETHUSD;sell;2026-04-01 14:09:05;2026-04-01 12:09:00;1.0;2130.92;2133.38;2133.38;2133.38;0.00;-2.12;-2.12;pente
2026-04-01 11:09:08.698579;Close OK. order_send(): by;pmxRKO;ETHUSD;sell;2026-04-01 14:09:07;2026-04-01 12:09:00;1.0;2130.87;2133.38;2133.38;2133.48;0.00;-2.16;-2.25;pente
2026-04-01 11:09:10.334921;Close OK. order_send(): by;pmxRKO;ETHUSD;sell;2026-04-01 14:09:09;2026-04-01 12:09:00;1.0;2131.42;2134.33;2134.33;2134.33;0.00;-2.51;-2.51;pente
2026-04-01 11:09:11.961198;Close OK. order_send(): by;pmxRKO;ETHUSD;sell;2026-04-01 14:09:10;2026-04-01 12:09:00;1.0;2132.07;2134.58;2134.58;2134.13;0.00;-2.16;-1.78;pente
2026-04-01 11:09:13.556052;Close OK. order_send(): by;pmxRKO;ETHUSD;sell;2026-04-01 14:09:12;2026-04-01 12:09:00;1.0;2131.57;2134.08;2134.08;2134.08;0.00;-2.16;-2.16;pente
2026-04-01 11:09:15.176582;Close OK. order_send(): by;pmxRKO;ETHUSD;sell;2026-04-01 14:09:14;2026-04-01 12:09:00;1.0;2131.57;2134.08;2134.08;2134.23;0.00;-2.16;-2.29;pente
2026-04-01 11:09:16.771982;Close OK. order_send(): by;pmxRKO;ETHUSD;sell;2026-04-01 14:09:15;2026-04-01 12:09:00;1.0;2131.72;2134.23;2134.23;2134.13;0.00;-2.16;-2.08;pente
2026-04-01 11:09:18.402847;Close OK. order_send(): by;pmxRKO;ETHUSD;sell;2026-04-01 14:09:17;2026-04-01 12:09:00;1.0;2131.72;2134.23;2134.23;2134.23;0.00;-2.16;-2.16;pente
2026-04-01 11:09:20.006296;Close OK. order_send(): by;pmxRKO;ETHUSD;sell;2026-04-01 14:09:18;2026-04-01 12:09:00;1.0;2131.37;2134.03;2134.03;2133.83;0.00;-2.29;-2.12;pente
2026-04-01 11:09:21.648964;Close OK. order_send(): by;pmxRKO;ETHUSD;sell;2026-04-01 14:09:20;2026-04-01 12:09:00;1.0;2131.27;2133.73;2133.73;2133.68;0.00;-2.12;-2.08;pente
2026-04-01 11:09:23.286207;Close OK. order_send(): by;pmxRKO;ETHUSD;sell;2026-04-01 14:09:22;2026-04-01 12:09:00;1.0;2130.92;2133.68;2133.68;2133.58;0.00;-2.38;-2.29;pente
2026-04-01 11:09:24.888388;Close OK. order_send(): by;pmxRKO;ETHUSD;sell;2026-04-01 14:09:23;2026-04-01 12:09:00;1.0;2131.07;2133.58;2133.58;2133.58;0.00;-2.16;-2.16;pente
2026-04-01 11:09:26.484496;Close OK. order_send(): by;pmxRKO;ETHUSD;sell;2026-04-01 14:09:25;2026-04-01 12:09:00;1.0;2131.07;2133.73;2133.73;2133.63;0.00;-2.29;-2.21;pente
2026-04-01 11:09:28.166018;Close OK. order_send(): by;pmxRKO;ETHUSD;sell;2026-04-01 14:09:26;2026-04-01 12:09:00;1.0;2129.97;2133.33;2133.33;2133.33;0.00;-2.90;-2.90;pente
2026-04-01 11:09:29.766758;Close OK. order_send(): by;pmxRKO;ETHUSD;sell;2026-04-01 14:09:28;2026-04-01 12:09:00;1.0;2130.82;2133.33;2133.33;2133.13;0.00;-2.16;-1.99;pente
2026-04-01 11:09:31.407008;Close OK. order_send(): by;pmxRKO;ETHUSD;sell;2026-04-01 14:09:30;2026-04-01 12:09:00;1.0;2130.72;2133.33;2133.33;2133.33;0.00;-2.25;-2.25;pente
2026-04-01 11:09:33.051286;Close OK. order_send(): by;pmxRKO;ETHUSD;sell;2026-04-01 14:09:31;2026-04-01 12:09:00;1.0;2130.97;2133.78;2133.78;2133.83;0.00;-2.42;-2.47;pente
2026-04-01 11:09:34.724484;Close OK. order_send(): by;pmxRKO;ETHUSD;sell;2026-04-01 14:09:33;2026-04-01 12:09:00;1.0;2131.07;2133.58;2133.58;2133.23;0.00;-2.16;-1.86;pente
2026-04-01 11:09:36.334775;Close OK. order_send(): by;pmxRKO;ETHUSD;sell;2026-04-01 14:09:35;2026-04-01 12:09:00;1.0;2130.72;2133.48;2133.48;2133.48;0.00;-2.38;-2.38;pente
2026-04-01 11:09:37.963478;Close OK. order_send(): by;pmxRKO;ETHUSD;sell;2026-04-01 14:09:36;2026-04-01 12:09:00;1.0;2130.97;2133.58;2133.58;2133.63;0.00;-2.25;-2.29;pente
2026-04-01 11:09:39.612119;Close OK. order_send(): by;pmxRKO;ETHUSD;sell;2026-04-01 14:09:38;2026-04-01 12:09:00;1.0;2131.17;2133.68;2133.68;2133.68;0.00;-2.16;-2.16;pente
2026-04-01 11:09:41.247831;Close OK. order_send(): by;pmxRKO;ETHUSD;sell;2026-04-01 14:09:40;2026-04-01 12:09:00;1.0;2131.17;2133.68;2133.68;2133.68;0.00;-2.16;-2.16;pente
2026-04-01 11:09:42.870560;Close OK. order_send(): by;pmxRKO;ETHUSD;sell;2026-04-01 14:09:41;2026-04-01 12:09:00;1.0;2131.17;2132.88;2132.83;2133.38;0.00;-1.47;-1.91;pente
2026-04-01 11:09:44.484716;Close OK. order_send(): by;pmxRKO;ETHUSD;sell;2026-04-01 14:09:43;2026-04-01 12:09:00;1.0;2130.87;2133.68;2133.68;2133.63;0.00;-2.42;-2.38;pente
2026-04-01 11:09:46.121521;Close OK. order_send(): by;pmxRKO;ETHUSD;sell;2026-04-01 14:09:44;2026-04-01 12:09:00;1.0;2131.07;2133.63;2133.63;2133.58;0.00;-2.21;-2.16;pente
2026-04-01 11:09:47.745429;Close OK. order_send(): by;pmxRKO;ETHUSD;sell;2026-04-01 14:09:46;2026-04-01 12:09:00;1.0;2131.07;2133.58;2133.58;2133.58;0.00;-2.16;-2.16;pente
2026-04-01 11:09:49.484190;Close OK. order_send(): by;pmxRKO;ETHUSD;sell;2026-04-01 14:09:48;2026-04-01 12:09:00;1.0;2131.07;2133.73;2133.73;2133.63;0.00;-2.29;-2.21;pente
2026-04-01 11:09:51.127859;Close OK. order_send(): by;pmxRKO;ETHUSD;sell;2026-04-01 14:09:49;2026-04-01 12:09:00;1.0;2131.02;2133.43;2133.43;2133.03;0.00;-2.08;-1.73;pente
2026-04-01 11:09:52.760854;Close OK. order_send(): by;pmxRKO;ETHUSD;sell;2026-04-01 14:09:51;2026-04-01 12:09:00;1.0;2130.52;2133.18;2133.18;2133.28;0.00;-2.29;-2.38;pente
2026-04-01 11:09:54.367964;Close OK. order_send(): by;pmxRKO;ETHUSD;sell;2026-04-01 14:09:53;2026-04-01 12:09:00;1.0;2130.87;2133.28;2133.28;2133.28;0.00;-2.08;-2.08;pente
2026-04-01 11:09:55.936798;Close OK. order_send(): by;pmxRKO;ETHUSD;sell;2026-04-01 14:09:54;2026-04-01 12:09:00;1.0;2130.52;2133.18;2133.18;2133.18;0.00;-2.29;-2.29;pente
2026-04-01 11:09:57.572710;Close OK. order_send(): by;pmxRKO;ETHUSD;sell;2026-04-01 14:09:56;2026-04-01 12:09:00;1.0;2130.62;2133.38;2133.38;2133.38;0.00;-2.38;-2.38;pente
2026-04-01 11:09:59.172576;Close OK. order_send(): by;pmxRKO;ETHUSD;sell;2026-04-01 14:09:58;2026-04-01 12:09:00;1.0;2130.77;2133.43;2133.43;2133.33;0.00;-2.29;-2.21;pente
2026-04-01 11:10:00.793365;Close OK. order_send(): by;pmxRKO;ETHUSD;sell;2026-04-01 14:09:59;2026-04-01 12:09:00;1.0;2130.72;2133.38;2133.38;2133.38;0.00;-2.29;-2.29;pente
2026-04-01 11:10:02.395187;Close OK. order_send(): by;pmxRKO;ETHUSD;sell;2026-04-01 14:10:01;2026-04-01 12:10:00;1.0;2131.17;2134.13;2134.13;2134.18;0.00;-2.55;-2.60;pente
2026-04-01 11:10:04.058753;Close OK. order_send(): by;pmxRKO;ETHUSD;sell;2026-04-01 14:10:02;2026-04-01 12:10:00;1.0;2131.72;2134.23;2134.23;2134.28;0.00;-2.17;-2.21;pente
2026-04-01 11:10:05.692081;Close OK. order_send(): by;pmxRKO;ETHUSD;sell;2026-04-01 14:10:04;2026-04-01 12:10:00;1.0;2131.27;2133.98;2133.98;2133.98;0.00;-2.34;-2.34;pente
2026-04-01 11:10:07.285890;Close OK. order_send(): by;pmxRKO;ETHUSD;sell;2026-04-01 14:10:06;2026-04-01 12:10:00;1.0;2131.37;2133.93;2133.93;2133.93;0.00;-2.21;-2.21;pente
2026-04-01 11:10:08.933488;Close OK. order_send(): by;pmxRKO;ETHUSD;sell;2026-04-01 14:10:07;2026-04-01 12:10:00;1.0;2131.22;2133.88;2133.88;2133.83;0.00;-2.29;-2.25;pente
2026-04-01 11:10:10.550459;Close OK. order_send(): by;pmxRKO;ETHUSD;sell;2026-04-01 14:10:09;2026-04-01 12:10:00;1.0;2131.37;2133.83;2133.73;2133.73;0.00;-2.12;-2.04;pente
2026-04-01 11:10:12.166246;Close OK. order_send(): by;pmxRKO;ETHUSD;sell;2026-04-01 14:10:11;2026-04-01 12:10:00;1.0;2130.17;2132.83;2132.83;2132.88;0.00;-2.29;-2.34;pente
2026-04-01 11:10:13.764233;Close OK. order_send(): by;pmxRKO;ETHUSD;sell;2026-04-01 14:10:12;2026-04-01 12:10:00;1.0;2130.32;2132.98;2132.98;2133.18;0.00;-2.29;-2.47;pente
2026-04-01 11:10:15.350228;Close OK. order_send(): by;pmxRKO;ETHUSD;sell;2026-04-01 14:10:14;2026-04-01 12:10:00;1.0;2130.07;2132.73;2132.73;2133.03;0.00;-2.29;-2.55;pente
2026-04-01 11:10:16.932801;Close OK. order_send(): by;pmxRKO;ETHUSD;sell;2026-04-01 14:10:15;2026-04-01 12:10:00;1.0;2130.17;2132.88;2132.88;2132.68;0.00;-2.34;-2.17;pente
2026-04-01 11:10:18.541978;Close OK. order_send(): by;pmxRKO;ETHUSD;sell;2026-04-01 14:10:17;2026-04-01 12:10:00;1.0;2129.82;2132.43;2132.43;2132.03;0.00;-2.25;-1.91;pente
2026-04-01 11:10:20.289581;Close OK. order_send(): by;pmxRKO;ETHUSD;sell;2026-04-01 14:10:19;2026-04-01 12:10:00;1.0;2129.42;2132.08;2132.08;2132.18;0.00;-2.29;-2.38;pente
2026-04-01 11:10:21.935471;Close OK. order_send(): by;pmxRKO;ETHUSD;sell;2026-04-01 14:10:20;2026-04-01 12:10:00;1.0;2129.47;2131.98;2131.98;2132.33;0.00;-2.17;-2.47;pente
2026-04-01 11:10:23.574786;Close OK. order_send(): by;pmxRKO;ETHUSD;sell;2026-04-01 14:10:22;2026-04-01 12:10:00;1.0;2129.87;2132.38;2132.38;2132.38;0.00;-2.17;-2.17;pente
2026-04-01 11:10:25.203903;Close OK. order_send(): by;pmxRKO;ETHUSD;sell;2026-04-01 14:10:24;2026-04-01 12:10:00;1.0;2130.07;2133.08;2133.08;2132.93;0.00;-2.60;-2.47;pente
2026-04-01 11:10:26.817420;Close OK. order_send(): by;pmxRKO;ETHUSD;sell;2026-04-01 14:10:25;2026-04-01 12:10:00;1.0;2130.17;2133.03;2133.03;2133.08;0.00;-2.47;-2.51;pente
2026-04-01 11:10:28.448437;Close OK. order_send(): by;pmxRKO;ETHUSD;sell;2026-04-01 14:10:27;2026-04-01 12:10:00;1.0;2130.42;2132.98;2132.98;2132.98;0.00;-2.21;-2.21;pente
2026-04-01 11:10:30.047019;Close OK. order_send(): by;pmxRKO;ETHUSD;sell;2026-04-01 14:10:28;2026-04-01 12:10:00;1.0;2130.47;2133.08;2133.08;2133.03;0.00;-2.25;-2.21;pente
2026-04-01 11:10:31.645427;Close OK. order_send(): by;pmxRKO;ETHUSD;sell;2026-04-01 14:10:30;2026-04-01 12:10:00;1.0;2130.82;2134.03;2134.03;2133.93;0.00;-2.77;-2.68;pente
2026-04-01 11:10:33.248998;Close OK. order_send(): by;pmxRKO;ETHUSD;sell;2026-04-01 14:10:32;2026-04-01 12:10:00;1.0;2130.92;2133.53;2133.53;2133.63;0.00;-2.25;-2.34;pente
2026-04-01 11:10:34.926194;Close OK. order_send(): by;pmxRKO;ETHUSD;sell;2026-04-01 14:10:33;2026-04-01 12:10:00;1.0;2131.02;2133.63;2133.63;2133.48;0.00;-2.25;-2.12;pente
2026-04-01 11:10:36.523669;Close OK. order_send(): by;pmxRKO;ETHUSD;sell;2026-04-01 14:10:35;2026-04-01 12:10:00;1.0;2130.92;2133.48;2133.48;2133.63;0.00;-2.21;-2.34;pente
2026-04-01 11:10:38.166931;Close OK. order_send(): by;pmxRKO;ETHUSD;sell;2026-04-01 14:10:36;2026-04-01 12:10:00;1.0;2131.02;2133.58;2133.58;2133.48;0.00;-2.21;-2.12;pente
2026-04-01 11:10:39.768061;Close OK. order_send(): by;pmxRKO;ETHUSD;sell;2026-04-01 14:10:38;2026-04-01 12:10:00;1.0;2130.97;2133.48;2133.48;2133.58;0.00;-2.17;-2.25;pente
2026-04-01 11:10:41.388777;Close OK. order_send(): by;pmxRKO;ETHUSD;sell;2026-04-01 14:10:40;2026-04-01 12:10:00;1.0;2131.07;2133.68;2133.68;2133.53;0.00;-2.25;-2.12;pente
2026-04-01 11:10:43.001708;Close OK. order_send(): by;pmxRKO;ETHUSD;sell;2026-04-01 14:10:41;2026-04-01 12:10:00;1.0;2131.47;2133.88;2133.88;2133.88;0.00;-2.08;-2.08;pente
2026-04-01 11:10:44.644841;Close OK. order_send(): by;pmxRKO;ETHUSD;sell;2026-04-01 14:10:43;2026-04-01 12:10:00;1.0;2131.42;2133.93;2133.93;2133.93;0.00;-2.17;-2.17;pente
2026-04-01 11:10:46.288199;Close OK. order_send(): by;pmxRKO;ETHUSD;sell;2026-04-01 14:10:45;2026-04-01 12:10:00;1.0;2131.32;2133.93;2133.93;2133.93;0.00;-2.25;-2.25;pente
2026-04-01 11:10:47.935409;Close OK. order_send(): by;pmxRKO;ETHUSD;sell;2026-04-01 14:10:46;2026-04-01 12:10:00;1.0;2130.72;2133.43;2133.43;2133.48;0.00;-2.34;-2.38;pente
2026-04-01 11:10:49.771643;Close OK. order_send(): by;pmxRKO;ETHUSD;sell;2026-04-01 14:10:48;2026-04-01 12:10:00;1.0;2130.97;2133.48;2133.48;2133.48;0.00;-2.17;-2.17;pente
2026-04-01 11:10:51.452939;Close OK. order_send(): by;pmxRKO;ETHUSD;sell;2026-04-01 14:10:50;2026-04-01 12:10:00;1.0;2130.97;2133.48;2133.48;2133.48;0.00;-2.17;-2.17;pente
2026-04-01 11:10:53.123546;Close OK. order_send(): by;pmxRKO;ETHUSD;sell;2026-04-01 14:10:51;2026-04-01 12:10:00;1.0;2130.97;2133.48;2133.48;2133.48;0.00;-2.17;-2.17;pente
2026-04-01 11:10:54.746589;Close OK. order_send(): by;pmxRKO;ETHUSD;sell;2026-04-01 14:10:53;2026-04-01 12:10:00;1.0;2130.97;2133.58;2133.58;2133.48;0.00;-2.25;-2.17;pente
2026-04-01 11:10:56.366366;Close OK. order_send(): by;pmxRKO;ETHUSD;sell;2026-04-01 14:10:55;2026-04-01 12:10:00;1.0;2131.07;2133.58;2133.58;2133.63;0.00;-2.16;-2.21;pente
2026-04-01 11:10:57.980745;Close OK. order_send(): by;pmxRKO;ETHUSD;sell;2026-04-01 14:10:56;2026-04-01 12:10:00;1.0;2131.02;2133.58;2133.58;2133.53;0.00;-2.21;-2.16;pente
2026-04-01 11:10:59.568135;Close OK. order_send(): by;pmxRKO;ETHUSD;sell;2026-04-01 14:10:58;2026-04-01 12:10:00;1.0;2131.27;2133.98;2133.98;2133.93;0.00;-2.34;-2.29;pente
2026-04-01 11:11:01.167723;Close OK. order_send(): by;pmxRKO;ETHUSD;sell;2026-04-01 14:11:00;2026-04-01 12:11:00;1.0;2130.92;2133.63;2133.63;2133.63;0.00;-2.34;-2.34;pente
2026-04-01 17:28:02.127135;Close OK. order_send(): by;pmxRKO;ETHUSD;buy;2026-04-01 20:25:10;2026-04-01 18:25:00;1.0;2137.58;2128.32;2128.32;2128.82;0.00;-7.98;-7.55;pente
2026-04-01 18:19:38.663875;Close OK. order_send(): by;pmxRKO;ETHUSD;sell;2026-04-01 21:04:11;None;1.0;2128.97;2132.68;2132.93;2133.03;0.00;-3.20;-3.50;pente
2026-04-01 18:34:37.630004;Close OK. order_send(): by;pmxRKO;ETHUSD;buy;2026-04-01 21:19:39;None;1.0;2132.98;2131.32;2131.32;2131.47;0.00;-1.43;-1.30;pente
2026-04-01 18:47:20.615883;Close OK. order_send(): by;pmxRKO;ETHUSD;buy;2026-04-01 21:36:01;None;1.0;2139.13;2142.87;2142.87;2143.02;0.00;3.22;3.35;pente
2026-04-01 19:02:10.871153;;pmxRKO;ETHUSD;sell;2026-04-01 21:47:21;2026-04-01 19:47:00;1.0;2143.02;2150.58;2150.58;0;0.00;-6.51;0.00;pente
2026-04-01 19:07:02.140311;Close OK. order_send(): by;pmxRKO;ETHUSD;buy;2026-04-01 22:06:27;2026-04-01 20:06:00;1.0;2159.68;2158.17;2158.17;2158.22;0.00;-1.30;-1.26;pente
2026-04-01 19:35:31.071670;Close OK. order_send(): by;pmxRKO;ETHUSD;sell;2026-04-01 22:35:19;2026-04-01 20:35:00;1.0;2134.82;2136.08;2136.48;2135.93;0.00;-1.09;-0.96;norm
2026-04-01 19:35:32.844043;Close OK. order_send(): by;pmxRKO;ETHUSD;buy;2026-04-01 22:35:31;2026-04-01 20:35:00;1.0;2135.78;2133.42;2133.47;2133.47;0.00;-2.03;-1.99;pente
2026-04-02 03:01:02.583041;Close OK. order_send(): by;pmxRKO;ETHUSD;buy;2026-04-02 05:41:43;2026-04-02 03:41:00;1.0;2156.43;2146.62;2146.82;2147.07;0.00;-8.46;-8.07;pente
2026-04-02 04:27:57.381764;Close OK. order_send(): by;pmxRKO;ETHUSD;sell;2026-03-23 15:46:46;None;1.0;2146.12;2084.68;2084.88;2084.88;0.00;45.68;53.02;tp
2026-04-02 04:44:02.649444;Close OK. order_send(): by;pmxRKO;ETHUSD;buy;2026-04-02 07:33:10;2026-04-02 05:33:00;1.0;2089.43;2068.22;2070.17;2070.02;0.00;-18.37;-16.81;norm
2026-04-02 13:15:26.895399;Close OK. order_send(): by;pmxRKO;ETHUSD;buy;2026-04-02 15:18:15;2026-04-02 13:18:00;1.0;2036.18;2023.22;2023.22;2023.72;0.00;-11.26;-10.82;pente
2026-04-02 16:34:33.576418;Close OK. order_send(): by;pmxRKO;ETHUSD;sell;2026-04-02 19:15:15;2026-04-02 17:15:00;1.0;2035.97;2053.23;2053.23;2053.18;0.00;-14.97;-14.93;pente
2026-04-02 16:37:19.453879;Close OK. order_send(): by;pmxRKO;ETHUSD;buy;2026-04-02 19:34:44;2026-04-02 17:34:00;1.0;2053.93;2066.67;2066.32;2066.57;0.00;11.03;10.94;norm
2026-04-02 16:37:21.029568;Close OK. order_send(): by;pmxRKO;ETHUSD;sell;2026-04-02 19:37:19;2026-04-02 17:37:00;1.0;2066.57;2069.73;2069.53;2069.43;0.00;-2.74;-2.48;pente
2026-04-02 17:21:26.658997;Close OK. order_send(): by;pmxRKO;ETHUSD;buy;2026-04-02 19:37:21;2026-04-02 17:37:00;1.0;2071.13;2046.37;2046.62;2046.62;0.00;-21.45;-21.23;norm
2026-04-03 09:35:08.339081;Close OK. order_send(): by;pmxRKO;ETHUSD;sell;2026-04-02 20:21:26;2026-04-02 18:21:00;1.0;2046.67;2071.33;2071.43;2071.43;0.00;-22.11;-21.45;norm
2026-04-07 00:55:05.473662;Close OK. order_send(): by;pmxRKO;ETHUSD;buy;2026-04-07 03:02:12;None;1.0;2138.48;2112.17;2113.12;2113.12;0.00;-22.79;-21.97;norm
2026-04-07 19:36:59.520594;Close OK. order_send(): by;pmxRKO;ETHUSD;sell;2026-04-07 22:35:39;2026-04-07 20:35:00;1.0;2090.02;2113.53;2113.53;2114.08;0.00;-20.31;-20.78;pente
2026-04-07 21:46:02.614739;Close OK. order_send(): by;pmxRKO;ETHUSD;sell;2026-04-08 00:02:18;2026-04-07 22:02:00;1.0;2086.62;2109.78;2110.18;2110.23;0.00;-19.97;-20.36;pente
2026-04-07 21:47:04.456698;Close OK. order_send(): by;pmxRKO;ETHUSD;sell;2026-04-08 00:47:03;2026-04-07 22:47:00;1.0;2102.07;2105.58;2105.58;2105.18;0.00;-3.03;-2.68;pente
2026-04-07 21:47:06.599187;Close OK. order_send(): by;pmxRKO;ETHUSD;sell;2026-04-08 00:47:05;2026-04-07 22:47:00;1.0;2102.12;2106.03;2105.38;2105.08;0.00;-3.37;-2.55;pente
2026-04-07 21:47:09.778782;Close OK. order_send(): by;pmxRKO;ETHUSD;sell;2026-04-08 00:47:07;2026-04-07 22:47:00;1.0;2103.17;2106.88;2106.88;2107.48;0.00;-3.20;-3.72;pente
2026-04-07 21:47:12.070259;Close OK. order_send(): by;pmxRKO;ETHUSD;sell;2026-04-08 00:47:10;2026-04-07 22:47:00;1.0;2104.42;2107.88;2107.88;2107.58;0.00;-2.98;-2.72;pente
2026-04-07 21:47:14.271851;Close OK. order_send(): by;pmxRKO;ETHUSD;sell;2026-04-08 00:47:13;2026-04-07 22:47:00;1.0;2103.17;2106.43;2106.43;2106.08;0.00;-2.81;-2.51;pente
2026-04-07 21:47:16.466050;Close OK. order_send(): by;pmxRKO;ETHUSD;sell;2026-04-08 00:47:15;2026-04-07 22:47:00;1.0;2103.12;2105.63;2105.63;2105.43;0.00;-2.16;-1.99;pente
2026-04-07 21:47:18.691727;Close OK. order_send(): by;pmxRKO;ETHUSD;sell;2026-04-08 00:47:17;2026-04-07 22:47:00;1.0;2100.92;2103.83;2103.98;2104.38;0.00;-2.51;-2.98;pente
2026-04-07 21:47:21.522364;Close OK. order_send(): by;pmxRKO;ETHUSD;sell;2026-04-08 00:47:20;2026-04-07 22:47:00;1.0;2101.72;2105.03;2105.03;2104.83;0.00;-2.85;-2.68;pente
2026-04-07 21:47:24.421813;Close OK. order_send(): by;pmxRKO;ETHUSD;sell;2026-04-08 00:47:22;2026-04-07 22:47:00;1.0;2104.02;2105.73;2105.83;2105.73;0.00;-1.47;-1.47;pente
2026-04-07 21:47:27.069185;Close OK. order_send(): by;pmxRKO;ETHUSD;sell;2026-04-08 00:47:25;2026-04-07 22:47:00;1.0;2102.92;2106.93;2106.93;2106.33;0.00;-3.46;-2.94;pente
2026-04-07 21:47:30.732112;Close OK. order_send(): by;pmxRKO;ETHUSD;sell;2026-04-08 00:47:29;2026-04-07 22:47:00;1.0;2103.12;2106.53;2106.53;2106.33;0.00;-2.94;-2.77;pente
2026-04-07 21:47:33.630274;Close OK. order_send(): by;pmxRKO;ETHUSD;sell;2026-04-08 00:47:32;2026-04-07 22:47:00;1.0;2102.52;2105.53;2105.53;2105.23;0.00;-2.60;-2.34;pente
2026-04-07 21:47:36.144083;Close OK. order_send(): by;pmxRKO;ETHUSD;sell;2026-04-08 00:47:34;2026-04-07 22:47:00;1.0;2102.22;2105.78;2105.78;2105.73;0.00;-3.07;-3.03;pente
2026-04-07 21:47:38.299761;Close OK. order_send(): by;pmxRKO;ETHUSD;sell;2026-04-08 00:47:37;2026-04-07 22:47:00;1.0;2102.87;2105.93;2105.93;2106.03;0.00;-2.64;-2.72;pente
2026-04-07 21:47:40.581783;Close OK. order_send(): by;pmxRKO;ETHUSD;sell;2026-04-08 00:47:39;2026-04-07 22:47:00;1.0;2102.72;2105.38;2105.38;2105.43;0.00;-2.29;-2.34;pente
2026-04-07 21:47:42.845640;Close OK. order_send(): by;pmxRKO;ETHUSD;sell;2026-04-08 00:47:41;2026-04-07 22:47:00;1.0;2103.17;2107.38;2107.38;2107.08;0.00;-3.63;-3.37;pente
2026-04-07 21:47:45.014669;Close OK. order_send(): by;pmxRKO;ETHUSD;sell;2026-04-08 00:47:43;2026-04-07 22:47:00;1.0;2103.82;2107.33;2107.33;2106.63;0.00;-3.03;-2.42;pente
2026-04-07 21:47:47.083339;Close OK. order_send(): by;pmxRKO;ETHUSD;sell;2026-04-08 00:47:45;2026-04-07 22:47:00;1.0;2103.22;2106.63;2106.63;2106.38;0.00;-2.94;-2.72;pente
2026-04-07 21:47:49.236009;Close OK. order_send(): by;pmxRKO;ETHUSD;sell;2026-04-08 00:47:48;2026-04-07 22:47:00;1.0;2104.32;2107.18;2107.18;2110.03;0.00;-2.47;-4.92;pente
2026-04-07 21:47:51.511111;Close OK. order_send(): by;pmxRKO;ETHUSD;sell;2026-04-08 00:47:50;2026-04-07 22:47:00;1.0;2105.82;2109.18;2109.18;2108.93;0.00;-2.90;-2.68;pente
2026-04-07 21:47:53.770501;Close OK. order_send(): by;pmxRKO;ETHUSD;sell;2026-04-08 00:47:52;2026-04-07 22:47:00;1.0;2105.52;2108.43;2108.43;2110.88;0.00;-2.51;-4.62;pente
2026-04-07 21:47:55.961564;Close OK. order_send(): by;pmxRKO;ETHUSD;sell;2026-04-08 00:47:54;2026-04-07 22:47:00;1.0;2107.17;2110.43;2110.43;2110.53;0.00;-2.81;-2.90;pente
2026-04-07 21:47:58.091848;Close OK. order_send(): by;pmxRKO;ETHUSD;sell;2026-04-08 00:47:56;2026-04-07 22:47:00;1.0;2108.47;2112.38;2112.38;2112.13;0.00;-3.37;-3.16;pente
2026-04-07 21:48:00.387500;Close OK. order_send(): by;pmxRKO;ETHUSD;sell;2026-04-08 00:47:59;2026-04-07 22:47:00;1.0;2109.52;2112.08;2112.08;2112.33;0.00;-2.21;-2.42;pente
2026-04-07 23:06:48.652014;Close OK. order_send(): by;pmxRKO;ETHUSD;buy;2026-04-08 02:06:45;2026-04-08 00:06:00;1.0;2145.78;2137.22;2135.87;2135.87;0.00;-7.38;-8.54;norm
2026-04-07 23:06:56.602258;Close OK. order_send(): by;pmxRKO;ETHUSD;buy;2026-04-08 02:06:49;2026-04-08 00:06:00;1.0;2139.43;2136.67;2136.67;2136.67;0.00;-2.38;-2.38;norm
2026-04-07 23:07:01.755584;Close OK. order_send(): by;pmxRKO;ETHUSD;buy;2026-04-08 02:06:58;2026-04-08 00:06:00;1.0;2140.33;2136.52;2137.82;2138.07;0.00;-3.29;-1.95;norm
2026-04-07 23:07:05.187301;Close OK. order_send(): by;pmxRKO;ETHUSD;buy;2026-04-08 02:07:03;2026-04-08 00:07:00;1.0;2140.83;2138.32;2137.07;2138.02;0.00;-2.16;-2.42;norm
2026-04-07 23:07:09.426254;Close OK. order_send(): by;pmxRKO;ETHUSD;buy;2026-04-08 02:07:06;2026-04-08 00:07:00;1.0;2139.88;2135.97;2136.17;2136.62;0.00;-3.37;-2.81;norm
2026-04-07 23:07:15.102667;Close OK. order_send(): by;pmxRKO;ETHUSD;buy;2026-04-08 02:07:10;2026-04-08 00:07:00;1.0;2139.48;2137.82;2137.37;2137.37;0.00;-1.43;-1.82;norm
2026-04-07 23:07:24.021822;Close OK. order_send(): by;pmxRKO;ETHUSD;buy;2026-04-08 02:07:19;2026-04-08 00:07:00;1.0;2144.18;2140.22;2139.47;2140.07;0.00;-3.41;-3.54;norm
2026-04-07 23:07:27.070727;Close OK. order_send(): by;pmxRKO;ETHUSD;buy;2026-04-08 02:07:24;2026-04-08 00:07:00;1.0;2143.73;2139.82;2140.32;2140.27;0.00;-3.37;-2.98;norm
2026-04-07 23:07:32.576512;Close OK. order_send(): by;pmxRKO;ETHUSD;buy;2026-04-08 02:07:29;2026-04-08 00:07:00;1.0;2142.78;2137.02;2137.17;2135.62;0.00;-4.97;-6.17;norm
2026-04-07 23:07:36.341053;Close OK. order_send(): by;pmxRKO;ETHUSD;buy;2026-04-08 02:07:34;2026-04-08 00:07:00;1.0;2141.88;2137.12;2136.87;2137.02;0.00;-4.10;-4.19;norm
2026-04-07 23:07:40.015676;Close OK. order_send(): by;pmxRKO;ETHUSD;buy;2026-04-08 02:07:37;2026-04-08 00:07:00;1.0;2139.58;2137.02;2136.27;2136.27;0.00;-2.21;-2.85;norm
2026-04-07 23:07:42.313079;Close OK. order_send(): by;pmxRKO;ETHUSD;buy;2026-04-08 02:07:40;2026-04-08 00:07:00;1.0;2140.58;2137.97;2138.42;2138.62;0.00;-2.25;-1.69;norm
2026-04-07 23:07:52.989159;Close OK. order_send(): by;pmxRKO;ETHUSD;buy;2026-04-08 02:07:44;2026-04-08 00:07:00;1.0;2142.88;2138.32;2139.42;2140.62;0.00;-3.93;-1.95;norm
2026-04-07 23:07:57.114155;Close OK. order_send(): by;pmxRKO;ETHUSD;buy;2026-04-08 02:07:54;2026-04-08 00:07:00;1.0;2142.18;2137.42;2137.72;2138.07;0.00;-4.10;-3.54;norm
2026-04-07 23:14:56.083891;Close OK. order_send(): by;pmxRKO;ETHUSD;buy;2026-04-08 02:13:15;2026-04-08 00:13:00;1.0;2151.23;2141.57;2142.72;2141.42;0.00;-8.33;-8.46;norm
2026-04-07 23:23:08.718228;Close OK. order_send(): by;pmxRKO;ETHUSD;buy;2026-04-08 02:23:07;2026-04-08 00:23:00;1.0;2139.33;2136.92;2136.47;2136.87;0.00;-2.08;-2.12;norm
2026-04-07 23:24:03.641387;Close OK. order_send(): by;pmxRKO;ETHUSD;buy;2026-04-08 02:23:12;2026-04-08 00:23:00;1.0;2138.63;2134.22;2133.67;2133.87;0.00;-3.80;-4.10;norm
2026-04-07 23:31:12.012506;Close OK. order_send(): by;pmxRKO;ETHUSD;buy;2026-04-08 02:31:07;2026-04-08 00:31:00;1.0;2133.83;2130.82;2131.52;2131.42;0.00;-2.60;-2.08;norm
2026-04-07 23:31:26.968074;Close OK. order_send(): by;pmxRKO;ETHUSD;buy;2026-04-08 02:31:23;2026-04-08 00:31:00;1.0;2133.88;2131.27;2131.07;2130.97;0.00;-2.25;-2.51;norm
2026-04-07 23:31:40.365698;Close OK. order_send(): by;pmxRKO;ETHUSD;buy;2026-04-08 02:31:28;2026-04-08 00:31:00;1.0;2134.28;2131.37;2131.72;2131.32;0.00;-2.51;-2.55;norm
2026-04-07 23:32:07.243362;Close OK. order_send(): by;pmxRKO;ETHUSD;buy;2026-04-08 02:31:41;2026-04-08 00:31:00;1.0;2134.53;2132.27;2132.17;2132.27;0.00;-1.95;-1.95;norm
2026-04-07 23:43:51.105829;Close OK. order_send(): by;pmxRKO;ETHUSD;buy;2026-04-08 02:43:10;2026-04-08 00:43:00;1.0;2142.18;2139.87;2139.87;2139.87;0.00;-1.99;-1.99;norm
2026-04-07 23:43:57.171996;Close OK. order_send(): by;pmxRKO;ETHUSD;buy;2026-04-08 02:43:55;2026-04-08 00:43:00;1.0;2142.78;2139.87;2139.87;2139.82;0.00;-2.51;-2.55;norm
2026-04-07 23:45:21.969007;Close OK. order_send(): by;pmxRKO;ETHUSD;buy;2026-04-08 02:45:17;2026-04-08 00:45:00;1.0;2145.33;2141.92;2141.92;2141.92;0.00;-2.94;-2.94;norm
2026-04-07 23:47:22.999182;Close OK. order_send(): by;pmxRKO;ETHUSD;buy;2026-04-08 02:47:00;2026-04-08 00:47:00;1.0;2149.43;2141.67;2141.67;2141.67;0.00;-6.69;-6.69;norm
2026-04-07 23:55:00.074669;Close OK. order_send(): by;pmxRKO;ETHUSD;buy;2026-04-08 02:52:02;2026-04-08 00:52:00;1.0;2147.48;2142.52;2142.52;2142.52;0.00;-4.28;-4.28;norm
2026-04-08 00:05:28.117556;Close OK. order_send(): by;pmxRKO;ETHUSD;buy;2026-04-08 03:01:02;2026-04-08 01:01:00;1.0;2151.43;2154.22;2154.22;2154.22;0.00;2.40;2.40;norm
2026-04-08 00:30:14.517576;Close OK. order_send(): by;pmxRKO;ETHUSD;buy;2026-04-08 03:14:02;2026-04-08 01:14:00;1.0;2160.03;2162.57;2161.87;2161.87;0.00;2.19;1.58;norm
2026-04-08 00:32:31.146135;Close OK. order_send(): by;pmxRKO;ETHUSD;buy;2026-04-08 03:31:02;2026-04-08 01:31:00;1.0;2163.28;2162.97;2162.97;2162.97;0.00;-0.27;-0.27;norm
2026-04-08 00:33:09.873848;Close OK. order_send(): by;pmxRKO;ETHUSD;buy;2026-04-08 03:33:06;2026-04-08 01:33:00;1.0;2168.53;2167.02;2167.02;2167.02;0.00;-1.30;-1.30;norm
2026-04-08 00:33:18.108829;Close OK. order_send(): by;pmxRKO;ETHUSD;buy;2026-04-08 03:33:11;2026-04-08 01:33:00;1.0;2172.93;2167.87;2167.87;2167.87;0.00;-4.36;-4.36;norm
2026-04-08 02:39:03.784427;Close OK. order_send(): by;pmxRKO;ETHUSD;buy;2026-04-08 05:38:04;2026-04-08 03:38:00;1.0;2236.48;2236.67;2236.67;2236.72;0.00;0.16;0.21;norm
2026-04-08 02:39:09.525286;Close OK. order_send(): by;pmxRKO;ETHUSD;buy;2026-04-08 05:39:07;2026-04-08 03:39:00;1.0;2239.93;2237.97;2237.67;2237.57;0.00;-1.68;-2.02;norm
2026-04-08 03:01:24.320643;Close OK. order_send(): by;pmxRKO;ETHUSD;buy;2026-04-08 05:51:04;2026-04-08 03:51:00;1.0;2235.73;2236.17;2236.17;2236.12;0.00;0.38;0.33;norm
2026-04-08 03:06:52.984402;Close OK. order_send(): by;pmxRKO;ETHUSD;buy;2026-04-08 06:02:04;2026-04-08 04:02:00;1.0;2238.68;2236.62;2236.62;2236.72;0.00;-1.76;-1.68;norm
2026-04-08 03:07:33.063851;Close OK. order_send(): by;pmxRKO;ETHUSD;buy;2026-04-08 06:07:22;2026-04-08 04:07:00;1.0;2239.23;2237.57;2237.57;2237.27;0.00;-1.42;-1.68;norm
2026-04-08 03:07:47.713865;Close OK. order_send(): by;pmxRKO;ETHUSD;buy;2026-04-08 06:07:44;2026-04-08 04:07:00;1.0;2239.73;2238.07;2238.07;2238.07;0.00;-1.42;-1.42;norm
2026-04-08 03:38:21.783013;Close OK. order_send(): by;pmxRKO;ETHUSD;buy;2026-04-08 06:24:04;2026-04-08 04:24:00;1.0;2235.73;2236.72;2236.72;2236.87;0.00;0.85;0.98;norm
2026-04-08 03:38:29.449892;Close OK. order_send(): by;pmxRKO;ETHUSD;buy;2026-04-08 06:38:24;2026-04-08 04:38:00;1.0;2239.63;2236.72;2236.52;2236.17;0.00;-2.49;-2.96;norm
2026-04-08 03:38:57.190804;Close OK. order_send(): by;pmxRKO;ETHUSD;buy;2026-04-08 06:38:31;2026-04-08 04:38:00;1.0;2239.08;2237.37;2237.37;2237.32;0.00;-1.46;-1.51;norm
2026-04-08 03:40:40.467845;Close OK. order_send(): by;pmxRKO;ETHUSD;buy;2026-04-08 06:39:33;2026-04-08 04:39:00;1.0;2239.43;2236.82;2236.82;2236.82;0.00;-2.24;-2.24;norm
2026-04-08 03:48:43.368866;Close OK. order_send(): by;pmxRKO;ETHUSD;buy;2026-04-08 06:48:24;2026-04-08 04:48:00;1.0;2239.68;2237.12;2237.12;2237.12;0.00;-2.19;-2.19;norm
2026-04-08 03:48:49.933079;Close OK. order_send(): by;pmxRKO;ETHUSD;buy;2026-04-08 06:48:46;2026-04-08 04:48:00;1.0;2239.68;2237.12;2236.37;2236.37;0.00;-2.19;-2.83;norm
2026-04-08 03:48:54.782069;Close OK. order_send(): by;pmxRKO;ETHUSD;buy;2026-04-08 06:48:51;2026-04-08 04:48:00;1.0;2239.48;2236.82;2236.82;2236.62;0.00;-2.28;-2.45;norm
2026-04-08 03:49:19.555340;Close OK. order_send(): by;pmxRKO;ETHUSD;buy;2026-04-08 06:48:56;2026-04-08 04:48:00;1.0;2239.48;2236.67;2236.67;2236.67;0.00;-2.41;-2.41;norm
2026-04-08 04:02:10.054857;Close OK. order_send(): by;pmxRKO;ETHUSD;buy;2026-04-08 06:53:38;2026-04-08 04:53:00;1.0;2239.23;2237.02;2237.02;2237.27;0.00;-1.89;-1.68;norm
2026-04-08 05:01:59.784200;Close OK. order_send(): by;pmxRKO;ETHUSD;buy;2026-04-08 07:27:03;2026-04-08 05:27:00;1.0;2235.58;2236.27;2236.27;2236.57;0.00;0.59;0.85;norm
2026-04-08 05:28:43.192859;Close OK. order_send(): by;pmxRKO;ETHUSD;buy;2026-04-08 08:19:03;2026-04-08 06:19:00;1.0;2234.73;2237.07;2237.07;2236.67;0.00;2.01;1.66;norm
2026-04-08 06:01:21.446477;Close OK. order_send(): by;pmxRKO;ETHUSD;buy;2026-04-08 08:41:02;2026-04-08 06:41:00;1.0;2238.13;2237.37;2237.37;2237.37;0.00;-0.65;-0.65;norm
2026-04-08 06:01:29.410179;Close OK. order_send(): by;pmxRKO;ETHUSD;buy;2026-04-08 09:01:23;2026-04-08 07:01:00;1.0;2238.98;2237.02;2237.02;2237.02;0.00;-1.68;-1.68;norm
2026-04-08 06:01:43.438597;Close OK. order_send(): by;pmxRKO;ETHUSD;buy;2026-04-08 09:01:32;2026-04-08 07:01:00;1.0;2239.33;2237.47;2237.47;2237.47;0.00;-1.59;-1.59;norm
2026-04-08 06:01:53.558080;Close OK. order_send(): by;pmxRKO;ETHUSD;buy;2026-04-08 09:01:52;2026-04-08 07:01:00;1.0;2240.23;2237.77;2237.77;2238.02;0.00;-2.11;-1.89;norm
2026-04-08 06:02:22.432443;Close OK. order_send(): by;pmxRKO;ETHUSD;buy;2026-04-08 09:02:17;2026-04-08 07:02:00;1.0;2239.43;2237.82;2237.82;2237.82;0.00;-1.38;-1.38;norm
2026-04-08 06:03:01.410140;Close OK. order_send(): by;pmxRKO;ETHUSD;buy;2026-04-08 09:02:51;2026-04-08 07:02:00;1.0;2239.28;2238.67;2238.67;2238.32;0.00;-0.52;-0.82;norm
2026-04-08 08:07:34.608545;Close OK. order_send(): by;pmxRKO;ETHUSD;buy;2026-04-08 11:06:37;2026-04-08 09:06:00;1.0;2239.53;2237.02;2237.02;2237.02;0.00;-2.15;-2.15;norm
2026-04-08 08:10:26.912980;Close OK. order_send(): by;pmxRKO;ETHUSD;buy;2026-04-08 11:07:42;2026-04-08 09:07:00;1.0;2239.48;2236.97;2236.97;2236.97;0.00;-2.15;-2.15;norm
2026-04-08 10:06:34.166837;Close OK. order_send(): by;pmxRKO;ETHUSD;buy;2026-04-08 13:06:30;2026-04-08 11:06:00;1.0;2260.98;2257.67;2257.67;2257.67;0.00;-2.83;-2.83;norm
2026-04-08 11:06:16.127537;Close OK. order_send(): by;pmxRKO;ETHUSD;buy;2026-04-08 14:06:01;2026-04-08 12:06:00;1.0;2261.48;2258.42;2258.42;2258.42;0.00;-2.62;-2.62;norm
2026-04-08 11:06:18.294005;Close OK. order_send(): by;pmxRKO;ETHUSD;buy;2026-04-08 14:06:17;2026-04-08 12:06:00;1.0;2261.18;2258.82;2258.82;2258.72;0.00;-2.02;-2.11;norm
2026-04-08 11:06:41.936855;Close OK. order_send(): by;pmxRKO;ETHUSD;buy;2026-04-08 14:06:18;2026-04-08 12:06:00;1.0;2261.83;2258.37;2258.37;2258.37;0.00;-2.96;-2.96;norm
2026-04-08 11:06:49.951389;Close OK. order_send(): by;pmxRKO;ETHUSD;buy;2026-04-08 14:06:43;2026-04-08 12:06:00;1.0;2262.18;2261.72;2261.72;2262.02;0.00;-0.39;-0.14;norm
2026-04-08 11:06:53.138911;Close OK. order_send(): by;pmxRKO;ETHUSD;buy;2026-04-08 14:06:51;2026-04-08 12:06:00;1.0;2264.78;2261.62;2261.62;2261.87;0.00;-2.70;-2.49;norm
2026-04-08 11:06:57.975752;Close OK. order_send(): by;pmxRKO;ETHUSD;buy;2026-04-08 14:06:53;2026-04-08 12:06:00;1.0;2264.48;2260.72;2260.72;2260.97;0.00;-3.22;-3.00;norm
2026-04-08 11:07:06.097856;Close OK. order_send(): by;pmxRKO;ETHUSD;buy;2026-04-08 14:07:02;2026-04-08 12:07:00;1.0;2263.08;2260.72;2260.72;2260.27;0.00;-2.02;-2.41;norm
2026-04-08 11:07:11.022784;Close OK. order_send(): by;pmxRKO;ETHUSD;buy;2026-04-08 14:07:06;2026-04-08 12:07:00;1.0;2263.43;2261.27;2261.07;2260.92;0.00;-1.85;-2.15;norm
2026-04-08 11:07:14.943279;Close OK. order_send(): by;pmxRKO;ETHUSD;buy;2026-04-08 14:07:12;2026-04-08 12:07:00;1.0;2264.33;2260.42;2260.92;2260.52;0.00;-3.35;-3.26;norm
2026-04-08 11:08:44.891145;Close OK. order_send(): by;pmxRKO;ETHUSD;buy;2026-04-08 14:07:15;2026-04-08 12:07:00;1.0;2263.03;2258.67;2258.67;2258.57;0.00;-3.73;-3.82;norm
2026-04-08 11:12:46.934361;Close OK. order_send(): by;pmxRKO;ETHUSD;buy;2026-04-08 14:12:01;2026-04-08 12:12:00;1.0;2262.08;2258.27;2258.27;2258.27;0.00;-3.26;-3.26;norm
2026-04-08 11:13:02.130144;Close OK. order_send(): by;pmxRKO;ETHUSD;buy;2026-04-08 14:12:57;2026-04-08 12:12:00;1.0;2261.38;2258.42;2258.42;2258.57;0.00;-2.53;-2.40;norm
2026-04-08 11:13:09.053906;Close OK. order_send(): by;pmxRKO;ETHUSD;buy;2026-04-08 14:13:02;2026-04-08 12:13:00;1.0;2261.33;2258.52;2258.52;2258.12;0.00;-2.40;-2.75;norm
2026-04-08 15:03:31.547273;Close OK. order_send(): by;pmxRKO;ETHUSD;buy;2026-04-08 18:03:06;2026-04-08 16:03:00;1.0;2261.58;2258.42;2258.42;2258.62;0.00;-2.70;-2.53;norm
2026-04-08 15:03:38.766228;Close OK. order_send(): by;pmxRKO;ETHUSD;buy;2026-04-08 18:03:33;2026-04-08 16:03:00;1.0;2261.23;2258.27;2258.02;2258.22;0.00;-2.53;-2.57;norm
2026-04-08 15:07:12.898762;Close OK. order_send(): by;pmxRKO;ETHUSD;buy;2026-04-08 18:07:10;2026-04-08 16:07:00;1.0;2268.13;2265.42;2265.42;2265.62;0.00;-2.31;-2.14;norm
2026-04-08 15:07:46.604552;Close OK. order_send(): by;pmxRKO;ETHUSD;buy;2026-04-08 18:07:14;2026-04-08 16:07:00;1.0;2270.13;2265.17;2265.17;2265.07;0.00;-4.23;-4.32;norm
2026-04-08 15:08:55.788456;Close OK. order_send(): by;pmxRKO;ETHUSD;buy;2026-04-08 18:08:51;2026-04-08 16:08:00;1.0;2268.38;2265.72;2265.72;2266.47;0.00;-2.27;-1.63;norm
2026-04-08 15:09:09.655451;Close OK. order_send(): by;pmxRKO;ETHUSD;buy;2026-04-08 18:08:57;2026-04-08 16:08:00;1.0;2270.28;2264.72;2264.72;2265.12;0.00;-4.75;-4.40;norm
2026-04-08 15:18:36.873046;Close OK. order_send(): by;pmxRKO;ETHUSD;buy;2026-04-08 18:18:29;2026-04-08 16:18:00;1.0;2268.93;2265.07;2265.07;2264.67;0.00;-3.30;-3.64;norm
2026-04-08 15:30:38.660492;Close OK. order_send(): by;pmxRKO;ETHUSD;buy;2026-04-08 18:30:24;2026-04-08 16:30:00;1.0;2260.93;2255.92;2256.12;2256.12;0.00;-4.28;-4.11;norm
2026-04-09 17:34:12.600787;Close OK. order_send(): by;pmxRKO;ETHUSD;sell;2026-04-09 19:28:50;None;1.0;2158.52;2207.33;2207.33;2206.73;0.00;-41.71;-41.19;pente
2026-04-09 21:58:01.614697;;pmxRKO;ETHUSD;buy;2026-04-09 21:04:26;None;1.0;2226.73;2215.32;2215.32;0;0.00;-9.75;0.00;pente10
2026-04-10 09:56:24.264664;;pmxRKO;ETHUSD;buy;2026-04-09 21:04:26;None;1.0;2226.73;2177.07;2177.27;0;0.00;-43.29;0.00;pente10
2026-04-10 09:58:51.684722;;pmxRKO;ETHUSD;buy;2026-04-09 21:04:26;None;1.0;2226.73;2177.92;2177.87;0;0.00;-42.58;0.00;sltp
2026-04-10 10:05:01.508651;;pmxRKO;ETHUSD;buy;2026-04-09 21:04:26;None;1.0;2226.73;2176.87;2176.92;0;0.00;-43.48;0.00;sltp
2026-04-10 14:26:02.273531;Close OK. order_send(): by;pmxRKO;ETHUSD;buy;2026-04-09 21:04:26;None;1.0;2226.73;2212.12;2212.12;2212.32;0.00;-13.26;-12.30;pente10
2026-04-10 14:26:03.228834;Close OK. order_send(): by;pmxRKO;ETHUSD;buy;2026-04-10 17:26:02;2026-04-10 15:26:00;1.0;2215.03;2212.32;2212.32;2212.72;0.00;-2.31;-1.97;pente10
2026-04-10 14:26:04.247862;Close OK. order_send(): by;pmxRKO;ETHUSD;buy;2026-04-10 17:26:03;2026-04-10 15:26:00;1.0;2215.68;2212.77;2212.77;2212.82;0.00;-2.48;-2.44;pente10
2026-04-10 14:26:05.252454;Close OK. order_send(): by;pmxRKO;ETHUSD;buy;2026-04-10 17:26:04;2026-04-10 15:26:00;1.0;2215.33;2212.92;2212.82;2212.82;0.00;-2.06;-2.14;pente10
2026-04-10 14:26:06.215169;Close OK. order_send(): by;pmxRKO;ETHUSD;buy;2026-04-10 17:26:05;2026-04-10 15:26:00;1.0;2215.33;2212.77;2212.37;2212.37;0.00;-2.19;-2.53;pente10
2026-04-10 14:26:07.245753;Close OK. order_send(): by;pmxRKO;ETHUSD;buy;2026-04-10 17:26:06;2026-04-10 15:26:00;1.0;2215.13;2212.42;2212.37;2212.37;0.00;-2.31;-2.36;pente10
2026-04-10 14:26:08.222760;Close OK. order_send(): by;pmxRKO;ETHUSD;buy;2026-04-10 17:26:07;2026-04-10 15:26:00;1.0;2215.18;2212.62;2212.72;2212.67;0.00;-2.19;-2.14;pente10
2026-04-10 14:26:09.242676;Close OK. order_send(): by;pmxRKO;ETHUSD;buy;2026-04-10 17:26:08;2026-04-10 15:26:00;1.0;2215.13;2212.37;2212.37;2212.67;0.00;-2.36;-2.10;pente10
2026-04-10 14:26:10.247679;Close OK. order_send(): by;pmxRKO;ETHUSD;buy;2026-04-10 17:26:09;2026-04-10 15:26:00;1.0;2215.03;2212.37;2212.37;2212.37;0.00;-2.27;-2.27;pente10
2026-04-10 14:55:01.769564;Close OK. order_send(): by;pmxRKO;ETHUSD;buy;2026-04-10 17:41:24;2026-04-10 15:41:00;1.0;2226.88;2216.92;2216.92;2216.97;0.00;-8.50;-8.46;pente10
2026-04-10 15:01:01.756340;Close OK. order_send(): by;pmxRKO;ETHUSD;buy;2026-04-10 18:00:01;2026-04-10 16:00:00;1.0;2220.58;2215.77;2215.77;2215.87;0.00;-4.10;-4.02;pente10
2026-04-10 15:34:01.792206;Close OK. order_send(): by;pmxRKO;ETHUSD;buy;2026-04-10 18:30:05;2026-04-10 16:30:00;1.0;2221.23;2215.27;2215.27;2215.27;0.00;-5.08;-5.08;pente10
2026-04-10 16:43:01.808748;Close OK. order_send(): by;pmxRKO;ETHUSD;buy;2026-04-10 19:36:04;2026-04-10 17:36:00;1.0;2253.83;2240.57;2240.57;2238.67;0.00;-11.31;-12.93;pente10
2026-04-10 17:17:02.767123;Close OK. order_send(): by;pmxRKO;ETHUSD;buy;2026-04-10 19:53:21;None;1.0;2247.23;2242.62;2242.62;2242.62;0.00;-3.93;-3.93;pente10
2026-04-10 17:29:01.761490;Close OK. order_send(): by;pmxRKO;ETHUSD;buy;2026-04-10 20:24:52;2026-04-10 18:24:00;1.0;2257.73;2239.62;2239.62;2239.52;0.00;-15.43;-15.52;pente10
2026-04-10 17:41:01.784195;Close OK. order_send(): by;pmxRKO;ETHUSD;buy;2026-04-10 20:38:01;2026-04-10 18:38:00;1.0;2236.28;2228.12;2228.12;2228.77;0.00;-6.96;-6.40;pente10
2026-04-10 17:51:01.746669;Close OK. order_send(): by;pmxRKO;ETHUSD;buy;2026-04-10 20:45:01;2026-04-10 18:45:00;1.0;2234.13;2226.42;2226.42;2226.52;0.00;-6.58;-6.49;pente10
2026-04-10 17:58:01.748463;Close OK. order_send(): by;pmxRKO;ETHUSD;buy;2026-04-10 20:53:01;2026-04-10 18:53:00;1.0;2231.83;2222.37;2222.22;2222.42;0.00;-8.07;-8.03;pente10
2026-04-10 18:43:01.756657;Close OK. order_send(): by;pmxRKO;ETHUSD;buy;2026-04-10 21:19:08;2026-04-10 19:19:00;1.0;2242.68;2236.12;2236.12;2236.12;0.00;-5.60;-5.60;pente10
2026-04-10 19:35:01.751983;Close OK. order_send(): by;pmxRKO;ETHUSD;buy;2026-04-10 21:57:37;2026-04-10 19:57:00;1.0;2247.73;2241.77;2241.77;2241.77;0.00;-5.08;-5.08;pente10
2026-04-10 20:05:01.799271;Close OK. order_send(): by;pmxRKO;ETHUSD;buy;2026-04-10 22:50:38;2026-04-10 20:50:00;1.0;2250.18;2241.02;2241.02;2240.92;0.00;-7.82;-7.90;pente10
2026-04-10 21:22:01.771152;Close OK. order_send(): by;pmxRKO;ETHUSD;buy;2026-04-11 00:11:52;2026-04-10 22:11:00;1.0;2257.33;2249.32;2249.32;2249.37;0.00;-6.83;-6.79;pente10
2026-04-13 14:54:02.046176;Close OK. order_send(): by;pmxRKO;ETHUSD;sell;2026-04-13 15:35:48;2026-04-13 13:35:00;1.0;2178.87;2194.98;2194.98;2195.08;0.00;-13.77;-13.86;pente10
2026-04-13 15:50:02.352754;Close OK. order_send(): by;pmxRKO;ETHUSD;sell;2026-04-13 18:37:53;2026-04-13 16:37:00;1.0;2184.07;2214.18;2214.33;2214.83;0.00;-25.72;-26.28;pente10
2026-04-13 15:59:04.345025;Close OK. order_send(): by;pmxRKO;ETHUSD;sell;2026-04-13 18:57:02;2026-04-13 16:57:00;1.0;2208.52;2213.78;2213.78;2213.28;0.00;-4.49;-4.07;pente10
2026-04-13 16:35:01.913271;Close OK. order_send(): by;pmxRKO;ETHUSD;sell;2026-04-13 19:03:01;2026-04-13 17:03:00;1.0;2206.32;2220.48;2220.48;2220.43;0.00;-12.09;-12.04;pente10
2026-04-13 16:45:02.910789;Close OK. order_send(): by;pmxRKO;ETHUSD;sell;2026-04-13 19:39:01;2026-04-13 17:39:00;1.0;2216.87;2227.93;2227.93;2227.93;0.00;-9.44;-9.44;pente10
2026-04-13 16:59:09.311121;Close OK. order_send(): by;pmxRKO;ETHUSD;sell;2026-04-13 19:50:02;2026-04-13 17:50:00;1.0;2219.97;2236.43;2236.43;2236.43;0.00;-14.06;-14.06;pente10
2026-04-13 18:10:01.870489;Close OK. order_send(): by;pmxRKO;ETHUSD;sell;2026-04-13 20:37:17;2026-04-13 18:37:00;1.0;2201.42;2216.68;2216.83;2216.98;0.00;-13.03;-13.29;pente10
2026-04-13 18:41:58.037893;Close OK. order_send(): by;pmxRKO;ETHUSD;buy;2026-04-13 21:36:32;2026-04-13 19:36:00;1.0;2235.38;2223.27;2223.27;2224.32;0.00;-10.33;-9.44;sltp
2026-04-13 18:47:25.763777;Close OK. order_send(): by;pmxRKO;ETHUSD;sell;2026-04-13 21:41:58;None;1.0;2224.62;2237.68;2237.03;2236.98;0.00;-11.13;-10.54;sltp
2026-04-13 18:53:13.892956;Close OK. order_send(): by;pmxRKO;ETHUSD;buy;2026-04-13 21:47:25;2026-04-13 19:47:00;1.0;2235.98;2223.77;2224.17;2224.27;0.00;-10.41;-9.99;sltp
2026-04-13 19:30:03.433773;Close OK. order_send(): by;pmxRKO;ETHUSD;sell;2026-04-13 21:53:14;None;1.0;2224.32;2236.63;2236.63;2236.48;0.00;-10.49;-10.36;sltp
2026-04-13 19:36:01.440715;Close OK. order_send(): by;pmxRKO;ETHUSD;buy;2026-04-13 22:30:24;2026-04-13 20:30:00;1.0;2244.18;2231.87;2231.87;2232.52;0.00;-10.49;-9.94;sltp
2026-04-13 20:27:33.252937;Close OK. order_send(): by;pmxRKO;ETHUSD;buy;2026-04-13 23:12:30;2026-04-13 21:12:00;1.0;2230.08;2218.07;2218.07;2218.07;0.00;-10.23;-10.23;sltp
2026-04-13 20:33:05.356777;Close OK. order_send(): by;pmxRKO;ETHUSD;sell;2026-04-13 23:27:33;2026-04-13 21:27:00;1.0;2218.37;2230.98;2230.93;2230.88;0.00;-10.73;-10.65;sltp
2026-04-13 22:14:56.598983;Close OK. order_send(): by;pmxRKO;ETHUSD;buy;2026-04-14 01:07:21;None;1.0;2261.13;2248.87;2248.87;2249.27;0.00;-10.42;-10.08;sens
2026-04-13 23:11:15.251991;Close OK. order_send(): by;pmxRKO;ETHUSD;sell;2026-04-14 01:14:57;2026-04-13 23:14:00;1.0;2250.57;2260.18;2260.13;2260.13;0.00;-8.97;-8.13;pente10
2026-04-13 23:24:02.250556;Close OK. order_send(): by;pmxRKO;ETHUSD;buy;2026-04-14 02:11:54;2026-04-14 00:11:00;1.0;2260.13;2252.22;2252.22;2249.82;0.00;-6.73;-8.77;pente10
2026-04-13 23:41:56.262025;Close OK. order_send(): by;pmxRKO;ETHUSD;sell;2026-04-14 02:24:04;2026-04-14 00:24:00;1.0;2251.37;2268.23;2268.23;2268.23;0.00;-14.34;-14.34;sens
2026-04-13 23:45:56.249781;Close OK. order_send(): by;pmxRKO;ETHUSD;buy;2026-04-14 02:41:57;2026-04-14 00:41:00;1.0;2268.23;2253.97;2253.97;2253.97;0.00;-12.13;-12.13;sens
2026-04-14 00:05:34.253860;Close OK. order_send(): by;pmxRKO;ETHUSD;sell;2026-04-14 02:45:57;2026-04-14 00:45:00;1.0;2256.67;2268.88;2269.58;2269.58;0.00;-10.38;-10.98;sens
2026-04-14 00:21:44.147843;Close OK. order_send(): by;pmxRKO;ETHUSD;buy;2026-04-14 03:20:57;None;1.0;2333.03;2321.02;2321.72;2321.67;0.00;-10.21;-9.66;sens
2026-04-14 00:25:32.748739;Close OK. order_send(): by;pmxRKO;ETHUSD;buy;2026-04-14 03:24:04;2026-04-14 01:24:00;1.0;2337.33;2323.12;2323.12;2323.12;0.00;-12.08;-12.08;sens
2026-04-14 00:30:13.748138;Close OK. order_send(): by;pmxRKO;ETHUSD;sell;2026-04-14 03:29:33;2026-04-14 01:29:00;1.0;2322.07;2334.18;2334.13;2334.03;0.00;-10.30;-10.17;sens
2026-04-14 01:01:01.754507;Close OK. order_send(): by;pmxRKO;ETHUSD;buy;2026-04-14 04:00:02;2026-04-14 02:00:00;1.0;2357.03;2344.57;2344.52;2344.47;0.00;-10.59;-10.68;sens
2026-04-14 01:09:16.079308;Close OK. order_send(): by;pmxRKO;ETHUSD;sell;2026-04-14 04:01:26;None;1.0;2344.37;2353.93;2355.18;2355.43;0.00;-8.13;-9.40;sens
2026-04-14 01:14:16.103420;Close OK. order_send(): by;pmxRKO;ETHUSD;buy;2026-04-14 04:13:17;None;1.0;2359.03;2354.67;2354.67;2354.82;0.00;-3.71;-3.58;sens
2026-04-14 01:15:33.246302;Close OK. order_send(): by;pmxRKO;ETHUSD;sell;2026-04-14 04:15:02;2026-04-14 02:15:00;1.0;2353.32;2358.83;2358.83;2358.83;0.00;-4.68;-4.68;sens
2026-04-14 01:16:02.269328;Close OK. order_send(): by;pmxRKO;ETHUSD;buy;2026-04-14 04:15:41;2026-04-14 02:15:00;1.0;2358.63;2355.17;2355.17;2355.47;0.00;-2.94;-2.69;sens
2026-04-14 01:16:38.260225;Close OK. order_send(): by;pmxRKO;ETHUSD;sell;2026-04-14 04:16:21;2026-04-14 02:16:00;1.0;2354.12;2358.78;2358.78;2358.93;0.00;-3.96;-4.09;sens
2026-04-14 01:16:45.244670;Close OK. order_send(): by;pmxRKO;ETHUSD;buy;2026-04-14 04:16:44;2026-04-14 02:16:00;1.0;2358.93;2355.97;2355.92;2355.87;0.00;-2.52;-2.60;sens
2026-04-14 01:19:13.247571;Close OK. order_send(): by;pmxRKO;ETHUSD;sell;2026-04-14 04:17:57;2026-04-14 02:17:00;1.0;2350.27;2355.98;2355.98;2355.98;0.00;-4.85;-4.85;sens
2026-04-14 01:21:32.237016;Close OK. order_send(): by;pmxRKO;ETHUSD;buy;2026-04-14 04:20:27;2026-04-14 02:20:00;1.0;2369.18;2362.67;2362.82;2362.82;0.00;-5.53;-5.41;sens
2026-04-14 01:23:04.084387;Close OK. order_send(): by;pmxRKO;ETHUSD;buy;2026-04-14 04:22:27;2026-04-14 02:22:00;1.0;2374.73;2366.47;2366.77;2366.47;0.00;-7.02;-7.02;sens
2026-04-14 01:24:43.824154;Close OK. order_send(): by;pmxRKO;ETHUSD;buy;2026-04-14 04:24:00;2026-04-14 02:24:00;1.0;2376.88;2372.02;2372.02;2372.17;0.00;-4.13;-4.00;sens
2026-04-14 01:27:25.846066;Close OK. order_send(): by;pmxRKO;ETHUSD;buy;2026-04-14 04:27:18;2026-04-14 02:27:00;1.0;2390.38;2381.92;2381.82;2381.42;0.00;-7.19;-7.62;sens
2026-04-14 01:31:14.994650;Close OK. order_send(): by;pmxRKO;ETHUSD;buy;2026-04-14 04:29:27;2026-04-14 02:29:00;1.0;2392.73;2383.37;2383.37;2383.42;0.00;-7.96;-7.91;sens
2026-04-14 01:36:04.873256;Close OK. order_send(): by;pmxRKO;ETHUSD;sell;2026-04-14 04:34:06;2026-04-14 02:34:00;1.0;2374.12;2381.28;2381.28;2381.33;0.00;-6.09;-6.13;sens
2026-04-14 01:36:22.769055;Close OK. order_send(): by;pmxRKO;ETHUSD;buy;2026-04-14 04:36:10;2026-04-14 02:36:00;1.0;2381.43;2377.57;2377.62;2377.62;0.00;-3.28;-3.24;sens
2026-04-14 01:36:47.969161;Close OK. order_send(): by;pmxRKO;ETHUSD;buy;2026-04-14 04:36:28;2026-04-14 02:36:00;1.0;2382.63;2377.97;2377.97;2378.12;0.00;-3.96;-3.83;sens
2026-04-14 01:37:16.728358;Close OK. order_send(): by;pmxRKO;ETHUSD;sell;2026-04-14 04:36:53;2026-04-14 02:36:00;1.0;2377.77;2380.48;2380.48;2380.48;0.00;-2.30;-2.30;sens
2026-04-14 01:37:53.742897;Close OK. order_send(): by;pmxRKO;ETHUSD;sell;2026-04-14 04:37:22;2026-04-14 02:37:00;1.0;2377.62;2380.68;2380.73;2380.73;0.00;-2.60;-2.64;sens
2026-04-14 01:38:19.754250;Close OK. order_send(): by;pmxRKO;ETHUSD;sell;2026-04-14 04:37:59;2026-04-14 02:37:00;1.0;2377.77;2381.43;2381.43;2381.33;0.00;-3.11;-3.03;sens
2026-04-14 01:40:04.764072;Close OK. order_send(): by;pmxRKO;ETHUSD;sell;2026-04-14 04:38:25;2026-04-14 02:38:00;1.0;2377.37;2376.13;2376.23;2376.23;0.00;1.05;0.97;sens
2026-04-14 01:40:12.734503;Close OK. order_send(): by;pmxRKO;ETHUSD;sell;2026-04-14 04:40:10;2026-04-14 02:40:00;1.0;2373.22;2376.93;2376.93;2376.83;0.00;-3.15;-3.07;sens
2026-04-14 01:40:53.745897;Close OK. order_send(): by;pmxRKO;ETHUSD;buy;2026-04-14 04:40:18;2026-04-14 02:40:00;1.0;2377.68;2373.32;2373.32;2373.37;0.00;-3.71;-3.66;sens
2026-04-14 01:41:31.749413;Close OK. order_send(): by;pmxRKO;ETHUSD;sell;2026-04-14 04:40:59;2026-04-14 02:40:00;1.0;2371.37;2375.68;2375.68;2375.68;0.00;-3.66;-3.66;sens
2026-04-14 01:47:43.138436;Close OK. order_send(): by;pmxRKO;ETHUSD;buy;2026-04-14 04:42:39;2026-04-14 02:42:00;1.0;2375.68;2371.87;2371.87;2371.97;0.00;-3.24;-3.15;sens
2026-04-14 01:52:02.783011;Close OK. order_send(): by;pmxRKO;ETHUSD;buy;2026-04-14 04:47:48;2026-04-14 02:47:00;1.0;2376.08;2371.02;2371.07;2371.27;0.00;-4.30;-4.09;sens
2026-04-14 01:52:21.736627;Close OK. order_send(): by;pmxRKO;ETHUSD;sell;2026-04-14 04:52:14;2026-04-14 02:52:00;1.0;2370.57;2374.83;2375.08;2375.13;0.00;-3.62;-3.88;sens
2026-04-14 01:52:56.742319;Close OK. order_send(): by;pmxRKO;ETHUSD;buy;2026-04-14 04:52:27;2026-04-14 02:52:00;1.0;2374.83;2371.32;2371.32;2371.32;0.00;-2.98;-2.98;sens
2026-04-14 01:53:37.726942;Close OK. order_send(): by;pmxRKO;ETHUSD;buy;2026-04-14 04:53:03;2026-04-14 02:53:00;1.0;2373.98;2370.32;2370.32;2370.32;0.00;-3.11;-3.11;sens
2026-04-14 01:58:20.795100;Close OK. order_send(): by;pmxRKO;ETHUSD;buy;2026-04-14 04:53:43;2026-04-14 02:53:00;1.0;2373.83;2369.77;2369.77;2369.77;0.00;-3.45;-3.45;sens
2026-04-14 01:59:06.763874;Close OK. order_send(): by;pmxRKO;ETHUSD;sell;2026-04-14 04:58:26;2026-04-14 02:58:00;1.0;2369.57;2373.03;2372.93;2372.88;0.00;-2.94;-2.81;sens
2026-04-14 01:59:55.734792;Close OK. order_send(): by;pmxRKO;ETHUSD;buy;2026-04-14 04:59:12;2026-04-14 02:59:00;1.0;2374.68;2367.52;2367.67;2367.67;0.00;-6.08;-5.96;sens
2026-04-14 02:05:02.737100;Close OK. order_send(): by;pmxRKO;ETHUSD;buy;2026-04-14 05:00:03;2026-04-14 03:00:00;1.0;2373.03;2369.57;2369.52;2369.52;0.00;-2.94;-2.98;sens
2026-04-14 02:06:02.743870;Close OK. order_send(): by;pmxRKO;ETHUSD;sell;2026-04-14 05:05:10;2026-04-14 03:05:00;1.0;2369.22;2370.48;2370.63;2370.68;0.00;-1.07;-1.24;sens
2026-04-14 02:06:31.757687;Close OK. order_send(): by;pmxRKO;ETHUSD;buy;2026-04-14 05:06:09;2026-04-14 03:06:00;1.0;2370.63;2366.67;2366.67;2366.92;0.00;-3.37;-3.15;sens
2026-04-14 02:06:59.744742;Close OK. order_send(): by;pmxRKO;ETHUSD;sell;2026-04-14 05:06:43;2026-04-14 03:06:00;1.0;2366.42;2370.58;2370.58;2370.38;0.00;-3.54;-3.37;sens
2026-04-14 02:08:51.780695;Close OK. order_send(): by;pmxRKO;ETHUSD;buy;2026-04-14 05:07:05;2026-04-14 03:07:00;1.0;2370.73;2366.57;2366.57;2366.57;0.00;-3.54;-3.54;sens
2026-04-14 02:09:01.769011;Close OK. order_send(): by;pmxRKO;ETHUSD;sell;2026-04-14 05:08:58;2026-04-14 03:08:00;1.0;2366.82;2370.23;2370.23;2370.23;0.00;-2.90;-2.90;sens
2026-04-14 02:09:12.755974;Close OK. order_send(): by;pmxRKO;ETHUSD;sell;2026-04-14 05:09:10;2026-04-14 03:09:00;1.0;2366.67;2369.63;2369.68;2369.68;0.00;-2.52;-2.56;sens
2026-04-14 02:10:35.768075;Close OK. order_send(): by;pmxRKO;ETHUSD;sell;2026-04-14 05:09:18;2026-04-14 03:09:00;1.0;2366.27;2369.33;2369.38;2369.38;0.00;-2.60;-2.64;sens
2026-04-14 02:11:03.747432;Close OK. order_send(): by;pmxRKO;ETHUSD;sell;2026-04-14 05:11:02;2026-04-14 03:11:00;1.0;2366.12;2368.98;2368.78;2368.93;0.00;-2.43;-2.39;sens
2026-04-14 02:11:22.732440;Close OK. order_send(): by;pmxRKO;ETHUSD;sell;2026-04-14 05:11:09;2026-04-14 03:11:00;1.0;2365.97;2368.73;2368.73;2368.73;0.00;-2.35;-2.35;sens
2026-04-14 02:12:28.753658;Close OK. order_send(): by;pmxRKO;ETHUSD;sell;2026-04-14 05:11:28;2026-04-14 03:11:00;1.0;2365.27;2367.88;2367.88;2367.88;0.00;-2.22;-2.22;sens
2026-04-14 02:13:19.745346;Close OK. order_send(): by;pmxRKO;ETHUSD;buy;2026-04-14 05:13:01;2026-04-14 03:13:00;1.0;2368.13;2364.52;2364.47;2364.47;0.00;-3.07;-3.11;sens
2026-04-14 02:13:28.745466;Close OK. order_send(): by;pmxRKO;ETHUSD;buy;2026-04-14 05:13:25;2026-04-14 03:13:00;1.0;2368.08;2364.52;2364.62;2364.62;0.00;-3.03;-2.94;sens
2026-04-14 02:14:13.742645;Close OK. order_send(): by;pmxRKO;ETHUSD;buy;2026-04-14 05:13:34;2026-04-14 03:13:00;1.0;2368.13;2365.02;2365.02;2365.02;0.00;-2.64;-2.64;sens
2026-04-14 02:19:01.754847;Close OK. order_send(): by;pmxRKO;ETHUSD;buy;2026-04-14 05:15:58;2026-04-14 03:15:00;1.0;2373.58;2370.97;2370.97;2370.97;0.00;-2.22;-2.22;sens
2026-04-14 02:23:26.762075;Close OK. order_send(): by;pmxRKO;ETHUSD;sell;2026-04-14 05:22:02;2026-04-14 03:22:00;1.0;2368.32;2370.13;2369.83;2369.88;0.00;-1.54;-1.33;sens
2026-04-14 02:23:33.732133;Close OK. order_send(): by;pmxRKO;ETHUSD;sell;2026-04-14 05:23:32;2026-04-14 03:23:00;1.0;2367.47;2370.18;2370.03;2370.03;0.00;-2.30;-2.18;sens
2026-04-14 02:24:01.738678;Close OK. order_send(): by;pmxRKO;ETHUSD;sell;2026-04-14 05:23:42;2026-04-14 03:23:00;1.0;2367.17;2369.58;2369.58;2369.53;0.00;-2.05;-2.01;sens
2026-04-14 02:25:01.765219;Close OK. order_send(): by;pmxRKO;ETHUSD;buy;2026-04-14 05:24:20;2026-04-14 03:24:00;1.0;2370.03;2366.02;2365.82;2365.82;0.00;-3.41;-3.58;sens
2026-04-14 02:27:50.765674;Close OK. order_send(): by;pmxRKO;ETHUSD;sell;2026-04-14 05:25:07;2026-04-14 03:25:00;1.0;2365.87;2368.28;2368.28;2368.23;0.00;-2.05;-2.01;sens
2026-04-14 02:28:03.733509;Close OK. order_send(): by;pmxRKO;ETHUSD;buy;2026-04-14 05:28:01;2026-04-14 03:28:00;1.0;2368.43;2365.47;2365.47;2365.62;0.00;-2.52;-2.39;sens
2026-04-14 02:28:12.747652;Close OK. order_send(): by;pmxRKO;ETHUSD;buy;2026-04-14 05:28:09;2026-04-14 03:28:00;1.0;2367.98;2365.42;2365.47;2365.52;0.00;-2.18;-2.09;sens
2026-04-14 02:28:46.754655;Close OK. order_send(): by;pmxRKO;ETHUSD;sell;2026-04-14 05:28:18;2026-04-14 03:28:00;1.0;2364.62;2367.98;2367.98;2367.98;0.00;-2.86;-2.86;sens
2026-04-14 02:28:57.752298;Close OK. order_send(): by;pmxRKO;ETHUSD;sell;2026-04-14 05:28:52;2026-04-14 03:28:00;1.0;2364.87;2367.78;2367.78;2367.78;0.00;-2.47;-2.47;sens
2026-04-14 02:31:34.752664;Close OK. order_send(): by;pmxRKO;ETHUSD;buy;2026-04-14 05:29:03;2026-04-14 03:29:00;1.0;2368.28;2365.37;2365.37;2365.77;0.00;-2.47;-2.13;sens
2026-04-14 02:32:02.757108;Close OK. order_send(): by;pmxRKO;ETHUSD;sell;2026-04-14 05:31:40;2026-04-14 03:31:00;1.0;2365.22;2368.28;2368.28;2368.23;0.00;-2.60;-2.56;sens
2026-04-14 02:32:12.744412;Close OK. order_send(): by;pmxRKO;ETHUSD;sell;2026-04-14 05:32:09;2026-04-14 03:32:00;1.0;2364.72;2367.93;2367.93;2368.18;0.00;-2.73;-2.94;sens
2026-04-14 02:32:25.753116;Close OK. order_send(): by;pmxRKO;ETHUSD;sell;2026-04-14 05:32:18;2026-04-14 03:32:00;1.0;2364.47;2367.98;2367.98;2367.73;0.00;-2.98;-2.77;sens
2026-04-14 02:32:32.738870;Close OK. order_send(): by;pmxRKO;ETHUSD;sell;2026-04-14 05:32:31;2026-04-14 03:32:00;1.0;2364.97;2367.68;2367.68;2367.68;0.00;-2.30;-2.30;sens
2026-04-14 02:32:43.770365;Close OK. order_send(): by;pmxRKO;ETHUSD;sell;2026-04-14 05:32:38;2026-04-14 03:32:00;1.0;2364.42;2367.98;2367.93;2367.93;0.00;-3.03;-2.98;sens
2026-04-14 02:32:50.740717;Close OK. order_send(): by;pmxRKO;ETHUSD;sell;2026-04-14 05:32:49;2026-04-14 03:32:00;1.0;2365.07;2367.88;2367.88;2367.78;0.00;-2.39;-2.30;sens
2026-04-14 02:33:07.764208;Close OK. order_send(): by;pmxRKO;ETHUSD;sell;2026-04-14 05:32:57;2026-04-14 03:32:00;1.0;2364.57;2367.73;2367.73;2367.73;0.00;-2.69;-2.69;sens
2026-04-14 02:33:20.746186;Close OK. order_send(): by;pmxRKO;ETHUSD;sell;2026-04-14 05:33:13;2026-04-14 03:33:00;1.0;2364.77;2367.63;2367.63;2367.43;0.00;-2.43;-2.26;sens
2026-04-14 02:33:28.746310;Close OK. order_send(): by;pmxRKO;ETHUSD;sell;2026-04-14 05:33:26;2026-04-14 03:33:00;1.0;2364.67;2367.48;2367.48;2367.48;0.00;-2.39;-2.39;sens
2026-04-14 02:33:35.744708;Close OK. order_send(): by;pmxRKO;ETHUSD;sell;2026-04-14 05:33:34;2026-04-14 03:33:00;1.0;2364.57;2367.48;2367.48;2367.48;0.00;-2.47;-2.47;sens
2026-04-14 02:33:48.724244;Close OK. order_send(): by;pmxRKO;ETHUSD;sell;2026-04-14 05:33:40;2026-04-14 03:33:00;1.0;2364.47;2367.23;2367.23;2367.13;0.00;-2.35;-2.26;sens
2026-04-14 02:35:41.748346;Close OK. order_send(): by;pmxRKO;ETHUSD;sell;2026-04-14 05:33:54;2026-04-14 03:33:00;1.0;2364.27;2366.33;2366.33;2366.68;0.00;-1.75;-2.05;sens
2026-04-14 02:39:02.767439;Close OK. order_send(): by;pmxRKO;ETHUSD;buy;2026-04-14 05:37:11;2026-04-14 03:37:00;1.0;2372.63;2368.77;2368.87;2369.12;0.00;-3.28;-2.98;sens
2026-04-14 02:39:24.754294;Close OK. order_send(): by;pmxRKO;ETHUSD;buy;2026-04-14 05:39:08;2026-04-14 03:39:00;1.0;2372.33;2369.42;2369.37;2369.62;0.00;-2.47;-2.30;sens
2026-04-14 02:41:43.733485;Close OK. order_send(): by;pmxRKO;ETHUSD;sell;2026-04-14 05:39:31;2026-04-14 03:39:00;1.0;2369.17;2371.83;2371.73;2371.73;0.00;-2.26;-2.18;sens
2026-04-14 02:42:22.774867;Close OK. order_send(): by;pmxRKO;ETHUSD;sell;2026-04-14 05:42:04;2026-04-14 03:42:00;1.0;2368.82;2371.43;2371.43;2371.38;0.00;-2.22;-2.18;sens
2026-04-14 02:42:29.743159;Close OK. order_send(): by;pmxRKO;ETHUSD;sell;2026-04-14 05:42:28;2026-04-14 03:42:00;1.0;2368.87;2371.58;2371.58;2371.53;0.00;-2.30;-2.26;sens
2026-04-14 02:43:02.739046;Close OK. order_send(): by;pmxRKO;ETHUSD;buy;2026-04-14 05:42:35;2026-04-14 03:42:00;1.0;2372.53;2368.22;2368.22;2368.12;0.00;-3.66;-3.75;sens
2026-04-14 02:44:05.761789;Close OK. order_send(): by;pmxRKO;ETHUSD;sell;2026-04-14 05:43:08;2026-04-14 03:43:00;1.0;2367.97;2371.48;2371.48;2371.48;0.00;-2.98;-2.98;sens
2026-04-14 02:44:12.759389;Close OK. order_send(): by;pmxRKO;ETHUSD;buy;2026-04-14 05:44:11;2026-04-14 03:44:00;1.0;2371.83;2368.32;2368.37;2368.17;0.00;-2.98;-3.11;sens
2026-04-14 02:44:32.775654;Close OK. order_send(): by;pmxRKO;ETHUSD;buy;2026-04-14 05:44:18;2026-04-14 03:44:00;1.0;2371.68;2368.37;2368.47;2368.47;0.00;-2.81;-2.73;sens
2026-04-14 02:45:05.744209;Close OK. order_send(): by;pmxRKO;ETHUSD;buy;2026-04-14 05:44:39;2026-04-14 03:44:00;1.0;2371.43;2368.82;2368.87;2368.87;0.00;-2.22;-2.18;sens
2026-04-14 02:45:12.794331;Close OK. order_send(): by;pmxRKO;ETHUSD;sell;2026-04-14 05:45:11;2026-04-14 03:45:00;1.0;2368.92;2371.48;2371.48;2371.48;0.00;-2.18;-2.18;sens
2026-04-14 02:49:02.749127;Close OK. order_send(): by;pmxRKO;ETHUSD;sell;2026-04-14 05:45:18;2026-04-14 03:45:00;1.0;2368.82;2369.48;2369.48;2369.48;0.00;-0.56;-0.56;sens
2026-04-14 02:49:30.712656;Close OK. order_send(): by;pmxRKO;ETHUSD;buy;2026-04-14 05:49:16;2026-04-14 03:49:00;1.0;2369.28;2365.62;2365.62;2365.57;0.00;-3.11;-3.15;sens
2026-04-14 02:50:11.761752;Close OK. order_send(): by;pmxRKO;ETHUSD;sell;2026-04-14 05:49:36;2026-04-14 03:49:00;1.0;2365.97;2368.78;2368.78;2368.78;0.00;-2.39;-2.39;sens
2026-04-14 02:50:53.787528;Close OK. order_send(): by;pmxRKO;ETHUSD;buy;2026-04-14 05:50:17;2026-04-14 03:50:00;1.0;2369.58;2360.47;2360.47;2361.62;0.00;-7.74;-6.77;sens
2026-04-14 02:51:22.915188;Close OK. order_send(): by;pmxRKO;ETHUSD;buy;2026-04-14 05:51:20;2026-04-14 03:51:00;1.0;2367.08;2364.42;2364.42;2364.67;0.00;-2.26;-2.05;sens
2026-04-14 02:51:30.765285;Close OK. order_send(): by;pmxRKO;ETHUSD;buy;2026-04-14 05:51:28;2026-04-14 03:51:00;1.0;2367.13;2363.67;2364.22;2364.22;0.00;-2.94;-2.47;sens
2026-04-14 02:51:44.728166;Close OK. order_send(): by;pmxRKO;ETHUSD;buy;2026-04-14 05:51:38;2026-04-14 03:51:00;1.0;2367.08;2363.27;2363.27;2363.67;0.00;-3.24;-2.90;sens
2026-04-14 02:52:42.719028;Close OK. order_send(): by;pmxRKO;ETHUSD;sell;2026-04-14 05:51:50;2026-04-14 03:51:00;1.0;2362.97;2367.08;2367.08;2367.03;0.00;-3.49;-3.45;sens
2026-04-14 02:53:10.852488;Close OK. order_send(): by;pmxRKO;ETHUSD;sell;2026-04-14 05:52:50;2026-04-14 03:52:00;1.0;2363.47;2366.33;2366.18;2366.53;0.00;-2.43;-2.60;sens
2026-04-14 02:54:50.248723;Close OK. order_send(): by;pmxRKO;ETHUSD;sell;2026-04-14 05:53:17;2026-04-14 03:53:00;1.0;2362.87;2364.73;2364.73;2364.93;0.00;-1.58;-1.75;sens
2026-04-14 02:55:00.241992;Close OK. order_send(): by;pmxRKO;ETHUSD;sell;2026-04-14 05:54:55;2026-04-14 03:54:00;1.0;2361.92;2364.73;2364.68;2364.73;0.00;-2.39;-2.39;sens
2026-04-14 02:57:49.896592;Close OK. order_send(): by;pmxRKO;ETHUSD;buy;2026-04-14 05:55:06;2026-04-14 03:55:00;1.0;2364.68;2363.12;2362.97;2362.42;0.00;-1.33;-1.92;sens
2026-04-14 03:00:03.234743;Close OK. order_send(): by;pmxRKO;ETHUSD;sell;2026-04-14 05:57:55;2026-04-14 03:57:00;1.0;2362.32;2363.43;2363.43;2363.43;0.00;-0.94;-0.94;sens
2026-04-14 03:00:16.241256;Close OK. order_send(): by;pmxRKO;ETHUSD;buy;2026-04-14 06:00:09;2026-04-14 04:00:00;1.0;2364.08;2360.67;2360.67;2360.67;0.00;-2.90;-2.90;sens
2026-04-14 03:05:02.229998;Close OK. order_send(): by;pmxRKO;ETHUSD;sell;2026-04-14 06:01:53;2026-04-14 04:01:00;1.0;2355.27;2362.23;2362.33;2362.33;0.00;-5.92;-6.00;sens
2026-04-14 03:06:02.293755;Close OK. order_send(): by;pmxRKO;ETHUSD;buy;2026-04-14 06:05:08;2026-04-14 04:05:00;1.0;2362.43;2360.37;2360.37;2360.32;0.00;-1.75;-1.79;sens
2026-04-14 03:07:16.317551;Close OK. order_send(): by;pmxRKO;ETHUSD;buy;2026-04-14 06:06:20;None;1.0;2364.68;2363.57;2363.47;2363.47;0.00;-0.94;-1.03;sens
2026-04-14 03:10:02.251711;Close OK. order_send(): by;pmxRKO;ETHUSD;sell;2026-04-14 06:07:16;2026-04-14 04:07:00;1.0;2363.52;2365.23;2365.23;2365.28;0.00;-1.45;-1.50;pente10
2026-04-14 03:37:03.250505;Close OK. order_send(): by;pmxRKO;ETHUSD;sell;2026-04-14 06:12:02;2026-04-14 04:12:00;1.0;2363.57;2365.78;2365.78;2365.78;0.00;-1.88;-1.88;sens
2026-04-14 03:37:20.236555;Close OK. order_send(): by;pmxRKO;ETHUSD;buy;2026-04-14 06:37:03;2026-04-14 04:37:00;1.0;2365.78;2362.37;2362.37;2362.52;0.00;-2.90;-2.77;sens
2026-04-14 03:38:07.616433;Close OK. order_send(): by;pmxRKO;ETHUSD;sell;2026-04-14 06:37:20;2026-04-14 04:37:00;1.0;2362.32;2365.33;2365.53;2365.43;0.00;-2.56;-2.64;sens
2026-04-14 03:40:03.774414;Close OK. order_send(): by;pmxRKO;ETHUSD;buy;2026-04-14 06:38:07;2026-04-14 04:38:00;1.0;2365.48;2363.82;2363.82;2363.82;0.00;-1.41;-1.41;sens
2026-04-14 04:05:14.733038;Close OK. order_send(): by;pmxRKO;ETHUSD;sell;2026-04-14 06:40:03;2026-04-14 04:40:00;1.0;2363.87;2375.98;2375.98;2376.13;0.00;-10.30;-10.42;sltp
2026-04-14 04:17:07.742065;Close OK. order_send(): by;pmxRKO;ETHUSD;sell;2026-04-14 07:05:47;2026-04-14 05:05:00;1.0;2370.87;2379.38;2379.38;2378.98;0.00;-7.24;-6.90;sens
2026-04-14 04:17:13.726446;Close OK. order_send(): by;pmxRKO;ETHUSD;buy;2026-04-14 07:17:07;2026-04-14 05:17:00;1.0;2378.98;2374.87;2374.87;2374.87;0.00;-3.49;-3.49;sens
2026-04-14 04:17:14.714849;Close OK. order_send(): by;pmxRKO;ETHUSD;sell;2026-04-14 07:17:13;2026-04-14 05:17:00;1.0;2374.87;2377.83;2377.83;2377.78;0.00;-2.52;-2.47;sens
2026-04-14 04:17:15.737547;Close OK. order_send(): by;pmxRKO;ETHUSD;buy;2026-04-14 07:17:14;2026-04-14 05:17:00;1.0;2377.78;2374.92;2374.92;2374.92;0.00;-2.43;-2.43;sens
2026-04-14 04:17:17.732202;Close OK. order_send(): by;pmxRKO;ETHUSD;sell;2026-04-14 07:17:15;2026-04-14 05:17:00;1.0;2374.92;2378.08;2378.08;2377.98;0.00;-2.69;-2.60;sens
2026-04-14 04:17:50.764759;Close OK. order_send(): by;pmxRKO;ETHUSD;buy;2026-04-14 07:17:17;2026-04-14 05:17:00;1.0;2378.13;2375.32;2375.32;2375.27;0.00;-2.39;-2.43;sens
2026-04-14 04:18:36.722275;Close OK. order_send(): by;pmxRKO;ETHUSD;sell;2026-04-14 07:17:50;2026-04-14 05:17:00;1.0;2375.27;2378.43;2378.43;2378.53;0.00;-2.69;-2.77;sens
2026-04-14 04:18:47.733283;Close OK. order_send(): by;pmxRKO;ETHUSD;buy;2026-04-14 07:18:36;2026-04-14 05:18:00;1.0;2378.53;2375.72;2375.67;2375.67;0.00;-2.39;-2.43;sens
2026-04-14 04:18:49.730602;Close OK. order_send(): by;pmxRKO;ETHUSD;sell;2026-04-14 07:18:47;2026-04-14 05:18:00;1.0;2375.67;2378.28;2378.28;2378.23;0.00;-2.22;-2.18;sens
2026-04-14 04:18:50.730554;Close OK. order_send(): by;pmxRKO;ETHUSD;buy;2026-04-14 07:18:49;2026-04-14 05:18:00;1.0;2378.23;2375.42;2375.52;2375.52;0.00;-2.39;-2.30;sens
2026-04-14 04:19:43.741113;Close OK. order_send(): by;pmxRKO;ETHUSD;sell;2026-04-14 07:18:50;2026-04-14 05:18:00;1.0;2375.47;2377.93;2377.93;2377.93;0.00;-2.09;-2.09;sens
2026-04-14 04:19:44.729376;Close OK. order_send(): by;pmxRKO;ETHUSD;buy;2026-04-14 07:19:43;2026-04-14 05:19:00;1.0;2377.93;2375.27;2375.27;2375.27;0.00;-2.26;-2.26;sens
2026-04-14 04:20:21.756599;Close OK. order_send(): by;pmxRKO;ETHUSD;sell;2026-04-14 07:19:44;2026-04-14 05:19:00;1.0;2375.27;2378.13;2378.13;2378.13;0.00;-2.43;-2.43;sens
2026-04-14 04:20:24.735223;Close OK. order_send(): by;pmxRKO;ETHUSD;buy;2026-04-14 07:20:21;2026-04-14 05:20:00;1.0;2378.13;2375.02;2375.02;2375.02;0.00;-2.64;-2.64;sens
2026-04-14 04:20:25.745536;Close OK. order_send(): by;pmxRKO;ETHUSD;sell;2026-04-14 07:20:24;2026-04-14 05:20:00;1.0;2375.02;2377.88;2377.88;2377.88;0.00;-2.43;-2.43;sens
2026-04-14 04:20:35.729845;Close OK. order_send(): by;pmxRKO;ETHUSD;buy;2026-04-14 07:20:25;2026-04-14 05:20:00;1.0;2377.88;2375.22;2375.12;2375.07;0.00;-2.26;-2.39;sens
2026-04-14 04:20:41.712053;Close OK. order_send(): by;pmxRKO;ETHUSD;sell;2026-04-14 07:20:35;2026-04-14 05:20:00;1.0;2374.97;2378.28;2378.28;2378.28;0.00;-2.81;-2.81;sens
2026-04-14 04:21:20.763436;Close OK. order_send(): by;pmxRKO;ETHUSD;buy;2026-04-14 07:20:41;2026-04-14 05:20:00;1.0;2378.23;2374.87;2374.87;2374.92;0.00;-2.86;-2.81;sens
2026-04-14 04:22:03.734347;Close OK. order_send(): by;pmxRKO;ETHUSD;sell;2026-04-14 07:21:20;2026-04-14 05:21:00;1.0;2374.92;2378.18;2378.18;2378.18;0.00;-2.77;-2.77;sens
2026-04-14 04:22:04.733847;Close OK. order_send(): by;pmxRKO;ETHUSD;buy;2026-04-14 07:22:03;2026-04-14 05:22:00;1.0;2378.18;2375.42;2375.42;2375.42;0.00;-2.35;-2.35;sens
2026-04-14 04:27:12.737092;Close OK. order_send(): by;pmxRKO;ETHUSD;sell;2026-04-14 07:22:04;2026-04-14 05:22:00;1.0;2375.42;2375.93;2375.93;2375.98;0.00;-0.43;-0.48;sens
2026-04-14 04:27:39.735450;Close OK. order_send(): by;pmxRKO;ETHUSD;buy;2026-04-14 07:27:12;2026-04-14 05:27:00;1.0;2375.98;2373.07;2373.07;2373.07;0.00;-2.47;-2.47;sens
2026-04-14 04:28:02.713532;Close OK. order_send(): by;pmxRKO;ETHUSD;sell;2026-04-14 07:27:39;2026-04-14 05:27:00;1.0;2373.07;2375.93;2375.83;2375.83;0.00;-2.43;-2.35;sens
2026-04-14 04:28:03.748875;Close OK. order_send(): by;pmxRKO;ETHUSD;buy;2026-04-14 07:28:02;2026-04-14 05:28:00;1.0;2375.58;2372.97;2372.97;2372.97;0.00;-2.22;-2.22;sens
2026-04-14 04:31:01.759009;Close OK. order_send(): by;pmxRKO;ETHUSD;sell;2026-04-14 07:28:03;2026-04-14 05:28:00;1.0;2372.97;2371.63;2371.63;2371.73;0.00;1.14;1.05;sens
2026-04-14 04:33:01.740368;Close OK. order_send(): by;pmxRKO;ETHUSD;buy;2026-04-14 07:31:01;2026-04-14 05:31:00;1.0;2371.78;2368.67;2368.67;2368.67;0.00;-2.65;-2.65;sens
2026-04-14 04:33:06.752201;Close OK. order_send(): by;pmxRKO;ETHUSD;sell;2026-04-14 07:33:01;2026-04-14 05:33:00;1.0;2368.67;2371.38;2371.38;2371.38;0.00;-2.30;-2.30;sens
2026-04-14 04:33:13.731366;Close OK. order_send(): by;pmxRKO;ETHUSD;buy;2026-04-14 07:33:06;2026-04-14 05:33:00;1.0;2371.38;2368.37;2368.37;2368.37;0.00;-2.56;-2.56;sens
2026-04-14 04:34:25.745728;Close OK. order_send(): by;pmxRKO;ETHUSD;sell;2026-04-14 07:33:13;2026-04-14 05:33:00;1.0;2368.37;2370.08;2370.08;2370.13;0.00;-1.45;-1.50;sens
2026-04-14 04:34:51.733741;Close OK. order_send(): by;pmxRKO;ETHUSD;sell;2026-04-14 07:34:49;2026-04-14 05:34:00;1.0;2366.82;2370.28;2370.28;2370.18;0.00;-2.94;-2.86;sens
2026-04-14 04:37:01.736720;Close OK. order_send(): by;pmxRKO;ETHUSD;sell;2026-04-14 07:35:03;2026-04-14 05:35:00;1.0;2367.12;2369.43;2369.43;2369.43;0.00;-1.96;-1.96;sens
2026-04-14 04:41:50.733955;Close OK. order_send(): by;pmxRKO;ETHUSD;buy;2026-04-14 07:38:09;2026-04-14 05:38:00;1.0;2374.08;2372.87;2372.87;2373.27;0.00;-1.03;-0.69;sens
2026-04-14 04:44:20.743515;Close OK. order_send(): by;pmxRKO;ETHUSD;sell;2026-04-14 07:44:01;2026-04-14 05:44:00;1.0;2371.97;2375.23;2375.23;2375.18;0.00;-2.77;-2.73;sens
2026-04-14 04:44:21.727592;Close OK. order_send(): by;pmxRKO;ETHUSD;buy;2026-04-14 07:44:20;2026-04-14 05:44:00;1.0;2375.13;2372.37;2372.37;2372.37;0.00;-2.35;-2.35;sens
2026-04-14 04:44:57.761917;Close OK. order_send(): by;pmxRKO;ETHUSD;sell;2026-04-14 07:44:21;2026-04-14 05:44:00;1.0;2372.37;2375.08;2375.08;2375.08;0.00;-2.30;-2.30;sens
2026-04-14 04:45:00.729081;Close OK. order_send(): by;pmxRKO;ETHUSD;buy;2026-04-14 07:44:57;2026-04-14 05:44:00;1.0;2375.08;2372.32;2372.32;2372.32;0.00;-2.35;-2.35;sens
2026-04-14 04:45:07.779051;Close OK. order_send(): by;pmxRKO;ETHUSD;sell;2026-04-14 07:45:00;2026-04-14 05:45:00;1.0;2372.32;2375.18;2375.18;2375.13;0.00;-2.43;-2.39;sens
2026-04-14 04:45:08.766713;Close OK. order_send(): by;pmxRKO;ETHUSD;buy;2026-04-14 07:45:07;2026-04-14 05:45:00;1.0;2375.13;2372.02;2372.02;2372.22;0.00;-2.64;-2.47;sens
2026-04-14 04:45:09.742081;Close OK. order_send(): by;pmxRKO;ETHUSD;sell;2026-04-14 07:45:08;2026-04-14 05:45:00;1.0;2372.37;2374.98;2374.98;2374.98;0.00;-2.22;-2.22;sens
2026-04-14 04:45:31.735803;Close OK. order_send(): by;pmxRKO;ETHUSD;buy;2026-04-14 07:45:09;2026-04-14 05:45:00;1.0;2374.98;2372.22;2372.22;2372.22;0.00;-2.35;-2.35;sens
2026-04-14 04:47:06.722198;Close OK. order_send(): by;pmxRKO;ETHUSD;sell;2026-04-14 07:45:31;2026-04-14 05:45:00;1.0;2372.27;2374.43;2374.43;2374.43;0.00;-1.84;-1.84;sens
2026-04-14 04:47:13.749222;Close OK. order_send(): by;pmxRKO;ETHUSD;buy;2026-04-14 07:47:06;2026-04-14 05:47:00;1.0;2374.43;2371.72;2371.72;2371.72;0.00;-2.30;-2.30;sens
2026-04-14 04:47:17.736869;Close OK. order_send(): by;pmxRKO;ETHUSD;sell;2026-04-14 07:47:13;2026-04-14 05:47:00;1.0;2371.72;2374.43;2374.43;2374.43;0.00;-2.30;-2.30;sens
2026-04-14 04:47:32.729482;Close OK. order_send(): by;pmxRKO;ETHUSD;buy;2026-04-14 07:47:17;2026-04-14 05:47:00;1.0;2374.43;2371.52;2371.52;2371.52;0.00;-2.47;-2.47;sens
2026-04-14 04:47:40.746463;Close OK. order_send(): by;pmxRKO;ETHUSD;sell;2026-04-14 07:47:32;2026-04-14 05:47:00;1.0;2371.52;2374.58;2374.58;2374.48;0.00;-2.60;-2.52;sens
2026-04-14 04:48:24.746156;Close OK. order_send(): by;pmxRKO;ETHUSD;buy;2026-04-14 07:47:40;2026-04-14 05:47:00;1.0;2374.48;2371.82;2372.17;2372.17;0.00;-2.26;-1.96;sens
2026-04-14 04:48:25.720925;Close OK. order_send(): by;pmxRKO;ETHUSD;sell;2026-04-14 07:48:24;2026-04-14 05:48:00;1.0;2372.37;2374.98;2374.98;2374.98;0.00;-2.22;-2.22;sens
2026-04-14 04:48:43.727937;Close OK. order_send(): by;pmxRKO;ETHUSD;buy;2026-04-14 07:48:25;2026-04-14 05:48:00;1.0;2374.98;2371.92;2371.92;2371.92;0.00;-2.60;-2.60;sens
2026-04-14 04:49:50.752611;Close OK. order_send(): by;pmxRKO;ETHUSD;sell;2026-04-14 07:48:43;2026-04-14 05:48:00;1.0;2371.92;2374.58;2374.58;2374.58;0.00;-2.26;-2.26;sens
2026-04-14 04:49:51.737582;Close OK. order_send(): by;pmxRKO;ETHUSD;buy;2026-04-14 07:49:50;2026-04-14 05:49:00;1.0;2374.58;2371.87;2371.87;2371.87;0.00;-2.30;-2.30;sens
2026-04-14 04:49:54.730388;Close OK. order_send(): by;pmxRKO;ETHUSD;sell;2026-04-14 07:49:51;2026-04-14 05:49:00;1.0;2371.87;2374.68;2374.78;2374.78;0.00;-2.39;-2.47;sens
2026-04-14 04:49:59.732126;Close OK. order_send(): by;pmxRKO;ETHUSD;buy;2026-04-14 07:49:54;2026-04-14 05:49:00;1.0;2374.78;2371.67;2371.67;2371.67;0.00;-2.64;-2.64;sens
2026-04-14 04:55:02.733509;Close OK. order_send(): by;pmxRKO;ETHUSD;sell;2026-04-14 07:49:59;2026-04-14 05:49:00;1.0;2371.67;2370.23;2370.23;2370.23;0.00;1.22;1.22;sens
2026-04-14 04:55:07.734043;Close OK. order_send(): by;pmxRKO;ETHUSD;buy;2026-04-14 07:55:02;2026-04-14 05:55:00;1.0;2370.23;2367.27;2367.27;2367.27;0.00;-2.52;-2.52;sens
2026-04-14 04:55:16.731750;Close OK. order_send(): by;pmxRKO;ETHUSD;sell;2026-04-14 07:55:07;2026-04-14 05:55:00;1.0;2367.27;2370.03;2370.03;2370.03;0.00;-2.35;-2.35;sens
2026-04-14 04:55:52.730814;Close OK. order_send(): by;pmxRKO;ETHUSD;buy;2026-04-14 07:55:16;2026-04-14 05:55:00;1.0;2370.03;2367.62;2367.62;2367.62;0.00;-2.05;-2.05;sens
2026-04-14 04:55:53.734287;Close OK. order_send(): by;pmxRKO;ETHUSD;sell;2026-04-14 07:55:52;2026-04-14 05:55:00;1.0;2367.67;2370.18;2370.18;2370.23;0.00;-2.13;-2.18;sens
2026-04-14 04:57:38.747901;Close OK. order_send(): by;pmxRKO;ETHUSD;buy;2026-04-14 07:55:53;2026-04-14 05:55:00;1.0;2370.23;2367.67;2367.67;2367.67;0.00;-2.18;-2.18;sens
2026-04-14 04:57:39.736573;Close OK. order_send(): by;pmxRKO;ETHUSD;sell;2026-04-14 07:57:38;2026-04-14 05:57:00;1.0;2367.67;2370.28;2370.28;2370.33;0.00;-2.22;-2.26;sens
2026-04-14 04:57:57.736129;Close OK. order_send(): by;pmxRKO;ETHUSD;buy;2026-04-14 07:57:39;2026-04-14 05:57:00;1.0;2370.33;2367.67;2367.67;2367.77;0.00;-2.26;-2.18;sens
2026-04-14 04:57:58.735898;Close OK. order_send(): by;pmxRKO;ETHUSD;sell;2026-04-14 07:57:57;2026-04-14 05:57:00;1.0;2367.77;2370.38;2370.38;2370.38;0.00;-2.22;-2.22;sens
2026-04-14 04:58:02.734634;Close OK. order_send(): by;pmxRKO;ETHUSD;buy;2026-04-14 07:57:58;2026-04-14 05:57:00;1.0;2370.38;2367.72;2367.72;2367.72;0.00;-2.26;-2.26;sens
2026-04-14 04:59:25.731534;Close OK. order_send(): by;pmxRKO;ETHUSD;sell;2026-04-14 07:58:02;2026-04-14 05:58:00;1.0;2367.72;2370.53;2370.53;2370.53;0.00;-2.39;-2.39;sens
2026-04-14 04:59:53.769746;Close OK. order_send(): by;pmxRKO;ETHUSD;buy;2026-04-14 07:59:25;2026-04-14 05:59:00;1.0;2370.53;2367.47;2367.47;2367.47;0.00;-2.60;-2.60;sens
2026-04-14 05:01:14.737854;Close OK. order_send(): by;pmxRKO;ETHUSD;sell;2026-04-14 07:59:53;2026-04-14 05:59:00;1.0;2367.47;2370.03;2370.03;2370.03;0.00;-2.18;-2.18;sens
2026-04-14 05:01:41.735683;Close OK. order_send(): by;pmxRKO;ETHUSD;buy;2026-04-14 08:01:14;2026-04-14 06:01:00;1.0;2370.03;2366.97;2366.97;2366.97;0.00;-2.60;-2.60;sens
2026-04-14 05:02:05.732802;Close OK. order_send(): by;pmxRKO;ETHUSD;sell;2026-04-14 08:01:41;2026-04-14 06:01:00;1.0;2366.97;2369.48;2369.48;2369.48;0.00;-2.13;-2.13;sens
2026-04-14 05:02:15.728610;Close OK. order_send(): by;pmxRKO;ETHUSD;buy;2026-04-14 08:02:05;2026-04-14 06:02:00;1.0;2369.48;2366.47;2366.47;2366.52;0.00;-2.56;-2.52;sens
2026-04-14 05:02:26.715634;Close OK. order_send(): by;pmxRKO;ETHUSD;sell;2026-04-14 08:02:15;2026-04-14 06:02:00;1.0;2366.52;2369.68;2369.73;2369.78;0.00;-2.69;-2.77;sens
2026-04-14 05:02:55.736875;Close OK. order_send(): by;pmxRKO;ETHUSD;buy;2026-04-14 08:02:26;2026-04-14 06:02:00;1.0;2369.83;2366.72;2366.72;2366.72;0.00;-2.64;-2.64;sens
2026-04-14 05:03:03.736586;Close OK. order_send(): by;pmxRKO;ETHUSD;sell;2026-04-14 08:02:55;2026-04-14 06:02:00;1.0;2366.72;2369.63;2369.63;2369.63;0.00;-2.47;-2.47;sens
2026-04-14 05:03:04.754953;Close OK. order_send(): by;pmxRKO;ETHUSD;buy;2026-04-14 08:03:03;2026-04-14 06:03:00;1.0;2369.63;2367.02;2367.02;2367.02;0.00;-2.22;-2.22;sens
2026-04-14 05:03:05.742665;Close OK. order_send(): by;pmxRKO;ETHUSD;sell;2026-04-14 08:03:04;2026-04-14 06:03:00;1.0;2366.97;2369.68;2369.68;2369.68;0.00;-2.30;-2.30;sens
2026-04-14 05:03:13.749440;Close OK. order_send(): by;pmxRKO;ETHUSD;buy;2026-04-14 08:03:05;2026-04-14 06:03:00;1.0;2369.68;2366.57;2366.62;2366.62;0.00;-2.64;-2.60;sens
2026-04-14 05:03:15.728467;Close OK. order_send(): by;pmxRKO;ETHUSD;sell;2026-04-14 08:03:13;2026-04-14 06:03:00;1.0;2366.72;2369.53;2369.53;2369.53;0.00;-2.39;-2.39;sens
2026-04-14 05:03:20.730605;Close OK. order_send(): by;pmxRKO;ETHUSD;buy;2026-04-14 08:03:15;2026-04-14 06:03:00;1.0;2369.53;2366.67;2366.92;2366.92;0.00;-2.43;-2.22;sens
2026-04-14 05:03:21.759849;Close OK. order_send(): by;pmxRKO;ETHUSD;sell;2026-04-14 08:03:20;2026-04-14 06:03:00;1.0;2366.92;2369.58;2369.58;2369.58;0.00;-2.26;-2.26;sens
2026-04-14 05:03:45.742540;Close OK. order_send(): by;pmxRKO;ETHUSD;buy;2026-04-14 08:03:21;2026-04-14 06:03:00;1.0;2369.58;2366.17;2366.37;2366.37;0.00;-2.90;-2.73;sens
2026-04-14 05:04:00.743444;Close OK. order_send(): by;pmxRKO;ETHUSD;sell;2026-04-14 08:03:45;2026-04-14 06:03:00;1.0;2366.37;2369.28;2369.28;2369.28;0.00;-2.47;-2.47;sens
2026-04-14 05:04:01.737456;Close OK. order_send(): by;pmxRKO;ETHUSD;buy;2026-04-14 08:04:00;2026-04-14 06:04:00;1.0;2369.28;2366.72;2366.72;2366.77;0.00;-2.18;-2.13;sens
2026-04-14 05:04:02.771025;Close OK. order_send(): by;pmxRKO;ETHUSD;sell;2026-04-14 08:04:01;2026-04-14 06:04:00;1.0;2366.87;2369.48;2369.48;2369.48;0.00;-2.22;-2.22;sens
2026-04-14 05:08:21.776949;Close OK. order_send(): by;pmxRKO;ETHUSD;buy;2026-04-14 08:04:02;2026-04-14 06:04:00;1.0;2369.33;2368.82;2368.82;2368.82;0.00;-0.43;-0.43;sens
2026-04-14 05:09:06.733388;Close OK. order_send(): by;pmxRKO;ETHUSD;sell;2026-04-14 08:08:21;2026-04-14 06:08:00;1.0;2368.82;2372.33;2372.33;2372.33;0.00;-2.98;-2.98;sens
2026-04-14 05:09:37.737153;Close OK. order_send(): by;pmxRKO;ETHUSD;buy;2026-04-14 08:09:06;2026-04-14 06:09:00;1.0;2372.33;2369.22;2369.22;2369.22;0.00;-2.64;-2.64;sens
2026-04-14 05:09:38.736120;Close OK. order_send(): by;pmxRKO;ETHUSD;sell;2026-04-14 08:09:37;2026-04-14 06:09:00;1.0;2369.22;2371.83;2371.83;2371.83;0.00;-2.22;-2.22;sens
2026-04-14 05:10:02.778872;Close OK. order_send(): by;pmxRKO;ETHUSD;buy;2026-04-14 08:09:38;2026-04-14 06:09:00;1.0;2371.83;2369.07;2369.07;2369.07;0.00;-2.35;-2.35;sens
2026-04-14 05:11:01.745384;Close OK. order_send(): by;pmxRKO;ETHUSD;sell;2026-04-14 08:10:02;2026-04-14 06:10:00;1.0;2369.07;2372.08;2372.08;2372.08;0.00;-2.56;-2.56;sens
2026-04-14 05:11:06.733628;Close OK. order_send(): by;pmxRKO;ETHUSD;buy;2026-04-14 08:11:01;2026-04-14 06:11:00;1.0;2372.08;2369.52;2369.52;2369.52;0.00;-2.18;-2.18;sens
2026-04-14 05:19:13.713625;Close OK. order_send(): by;pmxRKO;ETHUSD;sell;2026-04-14 08:19:02;2026-04-14 06:19:00;1.0;2363.72;2366.88;2366.88;2367.18;0.00;-2.69;-2.94;sens
2026-04-14 05:22:51.732769;Close OK. order_send(): by;pmxRKO;ETHUSD;buy;2026-04-14 08:19:13;2026-04-14 06:19:00;1.0;2367.23;2366.07;2366.07;2365.87;0.00;-0.99;-1.16;sens
2026-04-14 05:28:04.740655;Close OK. order_send(): by;pmxRKO;ETHUSD;sell;2026-04-14 08:22:51;2026-04-14 06:22:00;1.0;2365.87;2365.38;2365.38;2365.38;0.00;0.42;0.42;sens
2026-04-14 05:28:35.738743;Close OK. order_send(): by;pmxRKO;ETHUSD;buy;2026-04-14 08:28:04;2026-04-14 06:28:00;1.0;2365.33;2361.27;2361.27;2362.07;0.00;-3.45;-2.77;sens
2026-04-14 05:28:36.737924;Close OK. order_send(): by;pmxRKO;ETHUSD;sell;2026-04-14 08:28:35;2026-04-14 06:28:00;1.0;2362.07;2364.78;2364.78;2364.78;0.00;-2.30;-2.30;sens
2026-04-14 05:34:14.734126;Close OK. order_send(): by;pmxRKO;ETHUSD;buy;2026-04-14 08:32:13;2026-04-14 06:32:00;1.0;2369.63;2367.27;2367.27;2367.27;0.00;-2.01;-2.01;sens
2026-04-14 05:37:33.727133;Close OK. order_send(): by;pmxRKO;ETHUSD;sell;2026-04-14 08:34:14;2026-04-14 06:34:00;1.0;2367.27;2368.23;2368.23;2368.23;0.00;-0.82;-0.82;sens
2026-04-14 05:39:13.732920;Close OK. order_send(): by;pmxRKO;ETHUSD;buy;2026-04-14 08:37:33;2026-04-14 06:37:00;1.0;2368.13;2365.42;2365.42;2365.42;0.00;-2.30;-2.30;sens
2026-04-14 05:39:33.731466;Close OK. order_send(): by;pmxRKO;ETHUSD;sell;2026-04-14 08:39:13;2026-04-14 06:39:00;1.0;2365.32;2368.33;2368.33;2368.33;0.00;-2.56;-2.56;sens
2026-04-14 05:44:15.749216;Close OK. order_send(): by;pmxRKO;ETHUSD;buy;2026-04-14 08:39:33;2026-04-14 06:39:00;1.0;2368.33;2367.77;2367.77;2367.77;0.00;-0.48;-0.48;sens
2026-04-14 05:44:45.744480;Close OK. order_send(): by;pmxRKO;ETHUSD;sell;2026-04-14 08:44:15;2026-04-14 06:44:00;1.0;2368.02;2371.38;2371.38;2371.33;0.00;-2.86;-2.81;sens
2026-04-14 05:44:54.732604;Close OK. order_send(): by;pmxRKO;ETHUSD;buy;2026-04-14 08:44:45;2026-04-14 06:44:00;1.0;2371.33;2368.32;2368.32;2368.32;0.00;-2.56;-2.56;sens
2026-04-14 05:47:29.776514;Close OK. order_send(): by;pmxRKO;ETHUSD;sell;2026-04-14 08:44:54;2026-04-14 06:44:00;1.0;2368.32;2370.38;2370.38;2370.38;0.00;-1.75;-1.75;sens
2026-04-14 05:48:45.744986;Close OK. order_send(): by;pmxRKO;ETHUSD;buy;2026-04-14 08:47:29;2026-04-14 06:47:00;1.0;2370.38;2367.52;2367.47;2367.47;0.00;-2.43;-2.47;sens
2026-04-14 05:50:47.732550;Close OK. order_send(): by;pmxRKO;ETHUSD;sell;2026-04-14 08:48:45;2026-04-14 06:48:00;1.0;2367.37;2370.08;2370.08;2370.08;0.00;-2.30;-2.30;sens
2026-04-14 05:51:06.736520;Close OK. order_send(): by;pmxRKO;ETHUSD;buy;2026-04-14 08:50:47;2026-04-14 06:50:00;1.0;2370.08;2367.17;2367.32;2367.27;0.00;-2.47;-2.39;sens
2026-04-14 05:51:21.770394;Close OK. order_send(): by;pmxRKO;ETHUSD;sell;2026-04-14 08:51:06;2026-04-14 06:51:00;1.0;2367.27;2370.28;2370.28;2370.28;0.00;-2.56;-2.56;sens
2026-04-14 05:51:39.734639;Close OK. order_send(): by;pmxRKO;ETHUSD;buy;2026-04-14 08:51:21;2026-04-14 06:51:00;1.0;2370.28;2367.17;2367.17;2366.92;0.00;-2.64;-2.86;sens
2026-04-14 05:54:23.733443;Close OK. order_send(): by;pmxRKO;ETHUSD;sell;2026-04-14 08:51:39;2026-04-14 06:51:00;1.0;2366.92;2369.68;2369.68;2369.68;0.00;-2.35;-2.35;sens
2026-04-14 05:54:28.735698;Close OK. order_send(): by;pmxRKO;ETHUSD;buy;2026-04-14 08:54:23;2026-04-14 06:54:00;1.0;2369.43;2366.92;2366.92;2366.92;0.00;-2.13;-2.13;sens
2026-04-14 05:54:30.733701;Close OK. order_send(): by;pmxRKO;ETHUSD;sell;2026-04-14 08:54:28;2026-04-14 06:54:00;1.0;2366.92;2369.58;2369.58;2369.58;0.00;-2.26;-2.26;sens
2026-04-14 05:55:44.731429;Close OK. order_send(): by;pmxRKO;ETHUSD;buy;2026-04-14 08:54:30;2026-04-14 06:54:00;1.0;2369.58;2366.72;2366.72;2366.67;0.00;-2.43;-2.47;sens
2026-04-14 05:55:57.738845;Close OK. order_send(): by;pmxRKO;ETHUSD;sell;2026-04-14 08:55:44;2026-04-14 06:55:00;1.0;2366.67;2369.73;2369.73;2369.73;0.00;-2.60;-2.60;sens
2026-04-14 05:56:01.769433;Close OK. order_send(): by;pmxRKO;ETHUSD;buy;2026-04-14 08:55:57;2026-04-14 06:55:00;1.0;2369.73;2366.97;2366.97;2366.97;0.00;-2.35;-2.35;sens
2026-04-14 05:56:03.744236;Close OK. order_send(): by;pmxRKO;ETHUSD;sell;2026-04-14 08:56:01;2026-04-14 06:56:00;1.0;2366.97;2369.63;2369.63;2369.63;0.00;-2.26;-2.26;sens
2026-04-14 05:56:04.749133;Close OK. order_send(): by;pmxRKO;ETHUSD;buy;2026-04-14 08:56:03;2026-04-14 06:56:00;1.0;2369.63;2367.07;2367.07;2367.07;0.00;-2.18;-2.18;sens
2026-04-14 05:59:08.734529;Close OK. order_send(): by;pmxRKO;ETHUSD;sell;2026-04-14 08:56:04;2026-04-14 06:56:00;1.0;2367.07;2367.98;2367.98;2367.98;0.00;-0.77;-0.77;sens
2026-04-14 05:59:10.734457;Close OK. order_send(): by;pmxRKO;ETHUSD;buy;2026-04-14 08:59:08;2026-04-14 06:59:00;1.0;2367.98;2365.17;2365.17;2365.17;0.00;-2.39;-2.39;sens
2026-04-14 05:59:12.779924;Close OK. order_send(): by;pmxRKO;ETHUSD;sell;2026-04-14 08:59:10;2026-04-14 06:59:00;1.0;2365.17;2368.28;2368.28;2368.13;0.00;-2.64;-2.52;sens
2026-04-14 05:59:43.773190;Close OK. order_send(): by;pmxRKO;ETHUSD;buy;2026-04-14 08:59:12;2026-04-14 06:59:00;1.0;2368.28;2364.72;2364.72;2364.72;0.00;-3.03;-3.03;sens
2026-04-14 06:00:02.737127;Close OK. order_send(): by;pmxRKO;ETHUSD;sell;2026-04-14 08:59:43;2026-04-14 06:59:00;1.0;2364.77;2368.18;2368.18;2368.13;0.00;-2.90;-2.86;sens
2026-04-14 06:00:03.733105;Close OK. order_send(): by;pmxRKO;ETHUSD;buy;2026-04-14 09:00:02;2026-04-14 07:00:00;1.0;2368.08;2365.27;2365.37;2365.37;0.00;-2.39;-2.30;sens
2026-04-14 06:00:06.736479;Close OK. order_send(): by;pmxRKO;ETHUSD;sell;2026-04-14 09:00:03;2026-04-14 07:00:00;1.0;2365.32;2368.08;2368.08;2368.08;0.00;-2.35;-2.35;sens
2026-04-14 06:00:18.728822;Close OK. order_send(): by;pmxRKO;ETHUSD;buy;2026-04-14 09:00:06;2026-04-14 07:00:00;1.0;2368.08;2364.57;2364.67;2364.67;0.00;-2.98;-2.90;sens
2026-04-14 06:00:44.747295;Close OK. order_send(): by;pmxRKO;ETHUSD;sell;2026-04-14 09:00:18;2026-04-14 07:00:00;1.0;2364.87;2367.93;2367.93;2367.83;0.00;-2.60;-2.52;sens
2026-04-14 06:00:45.731621;Close OK. order_send(): by;pmxRKO;ETHUSD;buy;2026-04-14 09:00:44;2026-04-14 07:00:00;1.0;2367.68;2364.92;2364.92;2364.92;0.00;-2.35;-2.35;sens
2026-04-14 06:00:46.734464;Close OK. order_send(): by;pmxRKO;ETHUSD;sell;2026-04-14 09:00:45;2026-04-14 07:00:00;1.0;2364.92;2367.68;2367.68;2367.68;0.00;-2.35;-2.35;sens
2026-04-14 06:00:52.735371;Close OK. order_send(): by;pmxRKO;ETHUSD;buy;2026-04-14 09:00:46;2026-04-14 07:00:00;1.0;2367.68;2364.52;2364.52;2364.52;0.00;-2.69;-2.69;sens
2026-04-14 06:01:02.731601;Close OK. order_send(): by;pmxRKO;ETHUSD;sell;2026-04-14 09:00:52;2026-04-14 07:00:00;1.0;2364.62;2367.73;2367.73;2367.63;0.00;-2.64;-2.56;sens
2026-04-14 06:01:04.741995;Close OK. order_send(): by;pmxRKO;ETHUSD;buy;2026-04-14 09:01:02;2026-04-14 07:01:00;1.0;2367.63;2364.72;2364.72;2364.77;0.00;-2.47;-2.43;sens
2026-04-14 06:01:05.742626;Close OK. order_send(): by;pmxRKO;ETHUSD;sell;2026-04-14 09:01:04;2026-04-14 07:01:00;1.0;2365.02;2367.53;2367.53;2367.63;0.00;-2.13;-2.22;sens
2026-04-14 06:01:10.731263;Close OK. order_send(): by;pmxRKO;ETHUSD;buy;2026-04-14 09:01:05;2026-04-14 07:01:00;1.0;2367.63;2364.62;2364.67;2364.67;0.00;-2.56;-2.52;sens
2026-04-14 06:01:12.731789;Close OK. order_send(): by;pmxRKO;ETHUSD;sell;2026-04-14 09:01:10;2026-04-14 07:01:00;1.0;2364.82;2367.63;2367.68;2367.78;0.00;-2.39;-2.52;sens
2026-04-14 06:01:25.713723;Close OK. order_send(): by;pmxRKO;ETHUSD;buy;2026-04-14 09:01:12;2026-04-14 07:01:00;1.0;2367.78;2364.37;2364.37;2364.17;0.00;-2.90;-3.07;sens
2026-04-14 06:01:51.733513;Close OK. order_send(): by;pmxRKO;ETHUSD;sell;2026-04-14 09:01:25;2026-04-14 07:01:00;1.0;2363.92;2367.18;2367.13;2367.13;0.00;-2.77;-2.73;sens
2026-04-14 06:01:59.768332;Close OK. order_send(): by;pmxRKO;ETHUSD;buy;2026-04-14 09:01:51;2026-04-14 07:01:00;1.0;2367.13;2364.22;2364.22;2364.22;0.00;-2.47;-2.47;sens
2026-04-14 06:02:00.732554;Close OK. order_send(): by;pmxRKO;ETHUSD;sell;2026-04-14 09:01:59;2026-04-14 07:01:00;1.0;2364.22;2367.13;2367.13;2367.28;0.00;-2.47;-2.60;sens
2026-04-14 06:03:06.744588;Close OK. order_send(): by;pmxRKO;ETHUSD;buy;2026-04-14 09:02:00;2026-04-14 07:02:00;1.0;2367.28;2363.27;2363.27;2363.32;0.00;-3.41;-3.37;sens
2026-04-14 06:03:11.732224;Close OK. order_send(): by;pmxRKO;ETHUSD;sell;2026-04-14 09:03:06;2026-04-14 07:03:00;1.0;2363.57;2366.58;2366.58;2366.58;0.00;-2.56;-2.56;sens
2026-04-14 06:03:23.768258;Close OK. order_send(): by;pmxRKO;ETHUSD;buy;2026-04-14 09:03:11;2026-04-14 07:03:00;1.0;2366.58;2363.47;2363.57;2363.57;0.00;-2.64;-2.56;sens
2026-04-14 06:03:44.730932;Close OK. order_send(): by;pmxRKO;ETHUSD;sell;2026-04-14 09:03:23;2026-04-14 07:03:00;1.0;2363.57;2366.88;2366.88;2366.88;0.00;-2.81;-2.81;sens
2026-04-14 06:06:14.768838;Close OK. order_send(): by;pmxRKO;ETHUSD;buy;2026-04-14 09:03:44;2026-04-14 07:03:00;1.0;2366.73;2364.72;2364.72;2364.72;0.00;-1.71;-1.71;sens
2026-04-14 06:06:15.732665;Close OK. order_send(): by;pmxRKO;ETHUSD;sell;2026-04-14 09:06:14;2026-04-14 07:06:00;1.0;2364.72;2367.23;2367.23;2367.23;0.00;-2.13;-2.13;sens
2026-04-14 06:07:14.732413;Close OK. order_send(): by;pmxRKO;ETHUSD;buy;2026-04-14 09:06:15;2026-04-14 07:06:00;1.0;2367.23;2364.52;2364.52;2364.52;0.00;-2.30;-2.30;sens
2026-04-14 06:07:16.740264;Close OK. order_send(): by;pmxRKO;ETHUSD;sell;2026-04-14 09:07:14;2026-04-14 07:07:00;1.0;2364.67;2367.28;2367.28;2367.28;0.00;-2.22;-2.22;sens
2026-04-14 06:07:22.732867;Close OK. order_send(): by;pmxRKO;ETHUSD;buy;2026-04-14 09:07:16;2026-04-14 07:07:00;1.0;2367.28;2364.62;2364.62;2364.62;0.00;-2.26;-2.26;sens
2026-04-14 06:07:23.732991;Close OK. order_send(): by;pmxRKO;ETHUSD;sell;2026-04-14 09:07:22;2026-04-14 07:07:00;1.0;2364.87;2367.48;2367.48;2367.48;0.00;-2.22;-2.22;sens
2026-04-14 06:07:32.730765;Close OK. order_send(): by;pmxRKO;ETHUSD;buy;2026-04-14 09:07:23;2026-04-14 07:07:00;1.0;2367.48;2364.52;2364.52;2364.52;0.00;-2.52;-2.52;sens
2026-04-14 06:07:37.748820;Close OK. order_send(): by;pmxRKO;ETHUSD;sell;2026-04-14 09:07:32;2026-04-14 07:07:00;1.0;2364.52;2367.43;2367.33;2367.33;0.00;-2.47;-2.39;sens
2026-04-14 06:07:38.735498;Close OK. order_send(): by;pmxRKO;ETHUSD;buy;2026-04-14 09:07:37;2026-04-14 07:07:00;1.0;2367.33;2364.62;2364.77;2364.77;0.00;-2.30;-2.18;sens
2026-04-14 06:07:39.737519;Close OK. order_send(): by;pmxRKO;ETHUSD;sell;2026-04-14 09:07:38;2026-04-14 07:07:00;1.0;2364.77;2367.33;2367.33;2367.33;0.00;-2.18;-2.18;sens
2026-04-14 06:07:42.733089;Close OK. order_send(): by;pmxRKO;ETHUSD;buy;2026-04-14 09:07:39;2026-04-14 07:07:00;1.0;2367.33;2364.82;2364.82;2364.87;0.00;-2.13;-2.09;sens
2026-04-14 06:07:43.735132;Close OK. order_send(): by;pmxRKO;ETHUSD;sell;2026-04-14 09:07:42;2026-04-14 07:07:00;1.0;2365.02;2367.53;2367.53;2367.48;0.00;-2.13;-2.09;sens
2026-04-14 06:09:18.739823;Close OK. order_send(): by;pmxRKO;ETHUSD;buy;2026-04-14 09:07:43;2026-04-14 07:07:00;1.0;2367.48;2364.87;2364.82;2364.82;0.00;-2.22;-2.26;sens
2026-04-14 06:09:20.730052;Close OK. order_send(): by;pmxRKO;ETHUSD;sell;2026-04-14 09:09:18;2026-04-14 07:09:00;1.0;2364.82;2367.73;2367.73;2367.73;0.00;-2.47;-2.47;sens
2026-04-14 06:09:29.737366;Close OK. order_send(): by;pmxRKO;ETHUSD;buy;2026-04-14 09:09:20;2026-04-14 07:09:00;1.0;2367.93;2364.82;2364.82;2364.87;0.00;-2.64;-2.60;sens
2026-04-14 06:09:30.738649;Close OK. order_send(): by;pmxRKO;ETHUSD;sell;2026-04-14 09:09:29;2026-04-14 07:09:00;1.0;2364.87;2368.48;2368.48;2368.48;0.00;-3.07;-3.07;sens
2026-04-14 06:10:11.731490;Close OK. order_send(): by;pmxRKO;ETHUSD;buy;2026-04-14 09:09:30;2026-04-14 07:09:00;1.0;2368.48;2365.37;2365.37;2365.37;0.00;-2.64;-2.64;sens
2026-04-14 06:10:12.735552;Close OK. order_send(): by;pmxRKO;ETHUSD;sell;2026-04-14 09:10:11;2026-04-14 07:10:00;1.0;2365.37;2368.18;2368.18;2367.98;0.00;-2.39;-2.22;sens
2026-04-14 06:10:37.733938;Close OK. order_send(): by;pmxRKO;ETHUSD;buy;2026-04-14 09:10:12;2026-04-14 07:10:00;1.0;2368.18;2364.62;2364.62;2364.72;0.00;-3.03;-2.94;sens
2026-04-14 06:10:42.702467;Close OK. order_send(): by;pmxRKO;ETHUSD;sell;2026-04-14 09:10:37;2026-04-14 07:10:00;1.0;2364.72;2367.88;2367.88;2367.88;0.00;-2.69;-2.69;sens
2026-04-14 06:11:15.770638;Close OK. order_send(): by;pmxRKO;ETHUSD;buy;2026-04-14 09:10:42;2026-04-14 07:10:00;1.0;2367.88;2365.22;2365.22;2365.22;0.00;-2.26;-2.26;sens
2026-04-14 06:11:16.743011;Close OK. order_send(): by;pmxRKO;ETHUSD;sell;2026-04-14 09:11:15;2026-04-14 07:11:00;1.0;2365.47;2367.98;2367.98;2367.98;0.00;-2.13;-2.13;sens
2026-04-14 06:11:19.735488;Close OK. order_send(): by;pmxRKO;ETHUSD;buy;2026-04-14 09:11:16;2026-04-14 07:11:00;1.0;2367.98;2365.42;2365.42;2365.12;0.00;-2.18;-2.43;sens
2026-04-14 06:11:23.732585;Close OK. order_send(): by;pmxRKO;ETHUSD;sell;2026-04-14 09:11:19;2026-04-14 07:11:00;1.0;2365.12;2368.38;2368.38;2368.38;0.00;-2.77;-2.77;sens
2026-04-14 06:11:43.770270;Close OK. order_send(): by;pmxRKO;ETHUSD;buy;2026-04-14 09:11:23;2026-04-14 07:11:00;1.0;2368.33;2365.47;2365.47;2365.47;0.00;-2.43;-2.43;sens
2026-04-14 06:11:44.735657;Close OK. order_send(): by;pmxRKO;ETHUSD;sell;2026-04-14 09:11:43;2026-04-14 07:11:00;1.0;2365.47;2368.18;2367.83;2367.83;0.00;-2.30;-2.01;sens
2026-04-14 06:11:45.732981;Close OK. order_send(): by;pmxRKO;ETHUSD;buy;2026-04-14 09:11:44;2026-04-14 07:11:00;1.0;2367.83;2365.32;2365.37;2365.37;0.00;-2.13;-2.09;sens
2026-04-14 06:11:46.734955;Close OK. order_send(): by;pmxRKO;ETHUSD;sell;2026-04-14 09:11:45;2026-04-14 07:11:00;1.0;2365.67;2368.18;2368.18;2368.18;0.00;-2.13;-2.13;sens
2026-04-14 06:12:02.714304;Close OK. order_send(): by;pmxRKO;ETHUSD;buy;2026-04-14 09:11:46;2026-04-14 07:11:00;1.0;2368.18;2364.92;2364.92;2364.92;0.00;-2.77;-2.77;sens
2026-04-14 06:14:07.771898;Close OK. order_send(): by;pmxRKO;ETHUSD;sell;2026-04-14 09:12:02;2026-04-14 07:12:00;1.0;2364.97;2368.08;2368.08;2368.08;0.00;-2.64;-2.64;sens
2026-04-14 06:15:01.770283;Close OK. order_send(): by;pmxRKO;ETHUSD;buy;2026-04-14 09:14:07;2026-04-14 07:14:00;1.0;2368.08;2365.17;2365.17;2365.32;0.00;-2.47;-2.35;sens
2026-04-14 06:15:13.733326;Close OK. order_send(): by;pmxRKO;ETHUSD;sell;2026-04-14 09:15:01;2026-04-14 07:15:00;1.0;2365.12;2368.33;2368.33;2368.28;0.00;-2.73;-2.69;sens
2026-04-14 06:15:18.731870;Close OK. order_send(): by;pmxRKO;ETHUSD;buy;2026-04-14 09:15:13;2026-04-14 07:15:00;1.0;2368.28;2365.02;2365.02;2364.97;0.00;-2.77;-2.81;sens
2026-04-14 06:15:57.770051;Close OK. order_send(): by;pmxRKO;ETHUSD;sell;2026-04-14 09:15:18;2026-04-14 07:15:00;1.0;2365.12;2368.63;2368.63;2368.63;0.00;-2.98;-2.98;sens
2026-04-14 06:16:01.748290;Close OK. order_send(): by;pmxRKO;ETHUSD;buy;2026-04-14 09:15:57;2026-04-14 07:15:00;1.0;2368.53;2365.72;2365.72;2365.72;0.00;-2.39;-2.39;sens
2026-04-14 06:19:17.735954;Close OK. order_send(): by;pmxRKO;ETHUSD;sell;2026-04-14 09:16:01;2026-04-14 07:16:00;1.0;2365.67;2368.08;2368.18;2368.18;0.00;-2.05;-2.13;sens
2026-04-14 06:19:42.733712;Close OK. order_send(): by;pmxRKO;ETHUSD;buy;2026-04-14 09:19:17;2026-04-14 07:19:00;1.0;2368.43;2364.67;2364.82;2364.52;0.00;-3.20;-3.32;sens
2026-04-14 06:19:57.736291;Close OK. order_send(): by;pmxRKO;ETHUSD;sell;2026-04-14 09:19:42;2026-04-14 07:19:00;1.0;2364.52;2368.53;2368.53;2368.48;0.00;-3.41;-3.37;sens
2026-04-14 06:20:02.740841;Close OK. order_send(): by;pmxRKO;ETHUSD;buy;2026-04-14 09:19:57;2026-04-14 07:19:00;1.0;2368.48;2365.42;2365.32;2365.32;0.00;-2.60;-2.69;sens
2026-04-14 06:20:07.766637;Close OK. order_send(): by;pmxRKO;ETHUSD;sell;2026-04-14 09:20:02;2026-04-14 07:20:00;1.0;2365.32;2368.03;2368.03;2368.03;0.00;-2.30;-2.30;sens
2026-04-14 06:20:09.741371;Close OK. order_send(): by;pmxRKO;ETHUSD;buy;2026-04-14 09:20:07;2026-04-14 07:20:00;1.0;2368.03;2365.52;2365.37;2365.37;0.00;-2.13;-2.26;sens
2026-04-14 06:20:12.763999;Close OK. order_send(): by;pmxRKO;ETHUSD;sell;2026-04-14 09:20:09;2026-04-14 07:20:00;1.0;2365.32;2367.98;2367.98;2367.98;0.00;-2.26;-2.26;sens
2026-04-14 06:20:13.735599;Close OK. order_send(): by;pmxRKO;ETHUSD;buy;2026-04-14 09:20:12;2026-04-14 07:20:00;1.0;2367.88;2365.27;2365.42;2365.42;0.00;-2.22;-2.09;sens
2026-04-14 06:20:14.732339;Close OK. order_send(): by;pmxRKO;ETHUSD;sell;2026-04-14 09:20:13;2026-04-14 07:20:00;1.0;2365.67;2368.43;2368.43;2368.43;0.00;-2.35;-2.35;sens
2026-04-14 06:23:13.743655;Close OK. order_send(): by;pmxRKO;ETHUSD;buy;2026-04-14 09:20:14;2026-04-14 07:20:00;1.0;2368.43;2366.77;2366.77;2366.97;0.00;-1.41;-1.24;sens
2026-04-14 06:26:06.729134;Close OK. order_send(): by;pmxRKO;ETHUSD;sell;2026-04-14 09:23:13;2026-04-14 07:23:00;1.0;2366.92;2368.38;2368.43;2368.58;0.00;-1.24;-1.41;sens
2026-04-14 06:26:46.770461;Close OK. order_send(): by;pmxRKO;ETHUSD;buy;2026-04-14 09:26:06;2026-04-14 07:26:00;1.0;2368.58;2364.92;2364.92;2364.92;0.00;-3.11;-3.11;sens
2026-04-14 06:26:47.741761;Close OK. order_send(): by;pmxRKO;ETHUSD;sell;2026-04-14 09:26:46;2026-04-14 07:26:00;1.0;2365.17;2367.93;2367.98;2368.03;0.00;-2.35;-2.43;sens
2026-04-14 06:26:53.736355;Close OK. order_send(): by;pmxRKO;ETHUSD;buy;2026-04-14 09:26:47;2026-04-14 07:26:00;1.0;2368.03;2364.87;2364.87;2364.92;0.00;-2.69;-2.64;sens
2026-04-14 06:26:54.743330;Close OK. order_send(): by;pmxRKO;ETHUSD;sell;2026-04-14 09:26:53;2026-04-14 07:26:00;1.0;2364.92;2367.78;2367.78;2367.78;0.00;-2.43;-2.43;sens
2026-04-14 06:27:19.779691;Close OK. order_send(): by;pmxRKO;ETHUSD;buy;2026-04-14 09:26:54;2026-04-14 07:26:00;1.0;2367.78;2365.22;2365.22;2365.22;0.00;-2.18;-2.18;sens
2026-04-14 06:27:20.748246;Close OK. order_send(): by;pmxRKO;ETHUSD;sell;2026-04-14 09:27:19;2026-04-14 07:27:00;1.0;2365.27;2368.08;2368.13;2368.23;0.00;-2.39;-2.52;sens
2026-04-14 06:28:02.730846;Close OK. order_send(): by;pmxRKO;ETHUSD;buy;2026-04-14 09:27:20;2026-04-14 07:27:00;1.0;2368.23;2364.62;2364.72;2364.72;0.00;-3.07;-2.98;sens
2026-04-14 06:28:13.726824;Close OK. order_send(): by;pmxRKO;ETHUSD;sell;2026-04-14 09:28:02;2026-04-14 07:28:00;1.0;2364.72;2367.68;2367.68;2367.73;0.00;-2.52;-2.56;sens
2026-04-14 06:28:14.729778;Close OK. order_send(): by;pmxRKO;ETHUSD;buy;2026-04-14 09:28:13;2026-04-14 07:28:00;1.0;2367.73;2364.97;2364.97;2365.12;0.00;-2.35;-2.22;sens
2026-04-14 06:28:21.729374;Close OK. order_send(): by;pmxRKO;ETHUSD;sell;2026-04-14 09:28:14;2026-04-14 07:28:00;1.0;2364.87;2367.73;2367.73;2367.73;0.00;-2.43;-2.43;sens
2026-04-14 06:28:22.720989;Close OK. order_send(): by;pmxRKO;ETHUSD;buy;2026-04-14 09:28:21;2026-04-14 07:28:00;1.0;2367.63;2364.87;2364.82;2364.42;0.00;-2.35;-2.73;sens
2026-04-14 06:28:24.735958;Close OK. order_send(): by;pmxRKO;ETHUSD;sell;2026-04-14 09:28:22;2026-04-14 07:28:00;1.0;2364.37;2368.13;2368.13;2368.18;0.00;-3.20;-3.24;sens
2026-04-14 06:28:38.744297;Close OK. order_send(): by;pmxRKO;ETHUSD;buy;2026-04-14 09:28:24;2026-04-14 07:28:00;1.0;2368.18;2364.62;2364.62;2364.62;0.00;-3.03;-3.03;sens
2026-04-14 06:28:40.746407;Close OK. order_send(): by;pmxRKO;ETHUSD;sell;2026-04-14 09:28:38;2026-04-14 07:28:00;1.0;2364.82;2367.73;2367.73;2367.78;0.00;-2.47;-2.52;sens
2026-04-14 06:28:45.766025;Close OK. order_send(): by;pmxRKO;ETHUSD;buy;2026-04-14 09:28:40;2026-04-14 07:28:00;1.0;2367.78;2364.92;2364.92;2364.92;0.00;-2.43;-2.43;sens
2026-04-14 06:28:48.731015;Close OK. order_send(): by;pmxRKO;ETHUSD;sell;2026-04-14 09:28:45;2026-04-14 07:28:00;1.0;2364.92;2367.58;2367.58;2367.58;0.00;-2.26;-2.26;sens
2026-04-14 06:28:50.734509;Close OK. order_send(): by;pmxRKO;ETHUSD;buy;2026-04-14 09:28:48;2026-04-14 07:28:00;1.0;2367.58;2364.47;2364.47;2364.47;0.00;-2.64;-2.64;sens
2026-04-14 06:29:00.742486;Close OK. order_send(): by;pmxRKO;ETHUSD;sell;2026-04-14 09:28:50;2026-04-14 07:28:00;1.0;2364.47;2367.58;2367.58;2368.13;0.00;-2.64;-3.11;sens
2026-04-14 06:29:01.741149;Close OK. order_send(): by;pmxRKO;ETHUSD;buy;2026-04-14 09:29:00;2026-04-14 07:29:00;1.0;2368.13;2365.37;2365.37;2365.37;0.00;-2.35;-2.35;sens
2026-04-14 06:29:02.767079;Close OK. order_send(): by;pmxRKO;ETHUSD;sell;2026-04-14 09:29:01;2026-04-14 07:29:00;1.0;2365.37;2367.98;2367.98;2367.98;0.00;-2.22;-2.22;sens
2026-04-14 06:30:37.753278;Close OK. order_send(): by;pmxRKO;ETHUSD;buy;2026-04-14 09:29:02;2026-04-14 07:29:00;1.0;2367.98;2365.32;2365.37;2365.82;0.00;-2.26;-1.84;sens
2026-04-14 06:30:38.770236;Close OK. order_send(): by;pmxRKO;ETHUSD;sell;2026-04-14 09:30:37;2026-04-14 07:30:00;1.0;2365.82;2368.33;2368.33;2368.38;0.00;-2.13;-2.18;sens
2026-04-14 06:31:06.698537;Close OK. order_send(): by;pmxRKO;ETHUSD;buy;2026-04-14 09:30:38;2026-04-14 07:30:00;1.0;2368.38;2365.67;2365.67;2365.72;0.00;-2.30;-2.26;sens
2026-04-14 06:31:07.652763;Close OK. order_send(): by;pmxRKO;ETHUSD;sell;2026-04-14 09:31:06;2026-04-14 07:31:00;1.0;2365.72;2368.43;2368.43;2368.43;0.00;-2.30;-2.30;sens
2026-04-14 06:31:08.705274;Close OK. order_send(): by;pmxRKO;ETHUSD;buy;2026-04-14 09:31:07;2026-04-14 07:31:00;1.0;2368.38;2364.77;2364.77;2364.77;0.00;-3.07;-3.07;sens
2026-04-14 06:32:06.734380;Close OK. order_send(): by;pmxRKO;ETHUSD;sell;2026-04-14 09:31:08;2026-04-14 07:31:00;1.0;2364.72;2368.48;2368.48;2368.48;0.00;-3.20;-3.20;sens
2026-04-14 06:33:22.732149;Close OK. order_send(): by;pmxRKO;ETHUSD;buy;2026-04-14 09:32:06;2026-04-14 07:32:00;1.0;2368.48;2365.27;2365.27;2365.27;0.00;-2.73;-2.73;sens
2026-04-14 06:33:34.769676;Close OK. order_send(): by;pmxRKO;ETHUSD;sell;2026-04-14 09:33:22;2026-04-14 07:33:00;1.0;2365.22;2368.93;2368.93;2368.93;0.00;-3.15;-3.15;sens
2026-04-14 06:34:21.772368;Close OK. order_send(): by;pmxRKO;ETHUSD;buy;2026-04-14 09:33:34;2026-04-14 07:33:00;1.0;2368.93;2366.07;2366.07;2366.07;0.00;-2.43;-2.43;sens
2026-04-14 06:36:56.770436;Close OK. order_send(): by;pmxRKO;ETHUSD;sell;2026-04-14 09:34:21;2026-04-14 07:34:00;1.0;2366.12;2367.68;2367.68;2367.68;0.00;-1.33;-1.33;sens
2026-04-14 06:39:20.742437;Close OK. order_send(): by;pmxRKO;ETHUSD;buy;2026-04-14 09:36:56;2026-04-14 07:36:00;1.0;2367.48;2365.32;2365.52;2365.27;0.00;-1.84;-1.88;sens
2026-04-14 06:39:22.734100;Close OK. order_send(): by;pmxRKO;ETHUSD;sell;2026-04-14 09:39:20;2026-04-14 07:39:00;1.0;2365.27;2368.18;2368.18;2368.13;0.00;-2.47;-2.43;sens
2026-04-14 06:39:25.734469;Close OK. order_send(): by;pmxRKO;ETHUSD;buy;2026-04-14 09:39:22;2026-04-14 07:39:00;1.0;2368.23;2365.52;2365.52;2365.57;0.00;-2.30;-2.26;sens
2026-04-14 06:39:26.773598;Close OK. order_send(): by;pmxRKO;ETHUSD;sell;2026-04-14 09:39:25;2026-04-14 07:39:00;1.0;2365.57;2368.23;2368.23;2368.23;0.00;-2.26;-2.26;sens
2026-04-14 06:39:28.770876;Close OK. order_send(): by;pmxRKO;ETHUSD;buy;2026-04-14 09:39:26;2026-04-14 07:39:00;1.0;2368.23;2365.67;2365.67;2365.67;0.00;-2.18;-2.18;sens
2026-04-14 06:39:47.770009;Close OK. order_send(): by;pmxRKO;ETHUSD;sell;2026-04-14 09:39:28;2026-04-14 07:39:00;1.0;2365.67;2368.08;2368.08;2368.08;0.00;-2.05;-2.05;sens
2026-04-14 06:39:48.730984;Close OK. order_send(): by;pmxRKO;ETHUSD;buy;2026-04-14 09:39:47;2026-04-14 07:39:00;1.0;2368.08;2365.47;2365.47;2365.47;0.00;-2.22;-2.22;sens
2026-04-14 06:39:49.771134;Close OK. order_send(): by;pmxRKO;ETHUSD;sell;2026-04-14 09:39:48;2026-04-14 07:39:00;1.0;2365.52;2368.08;2368.08;2368.08;0.00;-2.18;-2.18;sens
2026-04-14 06:39:53.741842;Close OK. order_send(): by;pmxRKO;ETHUSD;buy;2026-04-14 09:39:49;2026-04-14 07:39:00;1.0;2368.08;2365.27;2365.27;2365.27;0.00;-2.39;-2.39;sens
2026-04-14 06:39:57.736715;Close OK. order_send(): by;pmxRKO;ETHUSD;sell;2026-04-14 09:39:53;2026-04-14 07:39:00;1.0;2365.27;2369.23;2369.23;2369.23;0.00;-3.37;-3.37;sens
2026-04-14 06:40:06.750328;Close OK. order_send(): by;pmxRKO;ETHUSD;buy;2026-04-14 09:39:57;2026-04-14 07:39:00;1.0;2369.23;2365.67;2365.62;2365.62;0.00;-3.03;-3.07;sens
2026-04-14 06:44:14.753905;Close OK. order_send(): by;pmxRKO;ETHUSD;sell;2026-04-14 09:40:06;2026-04-14 07:40:00;1.0;2365.62;2366.78;2366.78;2366.78;0.00;-0.99;-0.99;sens
2026-04-14 06:44:51.732950;Close OK. order_send(): by;pmxRKO;ETHUSD;buy;2026-04-14 09:44:14;2026-04-14 07:44:00;1.0;2366.78;2364.07;2364.07;2363.97;0.00;-2.30;-2.39;sens
2026-04-14 06:45:01.771371;Close OK. order_send(): by;pmxRKO;ETHUSD;sell;2026-04-14 09:44:51;2026-04-14 07:44:00;1.0;2363.42;2366.93;2366.83;2366.73;0.00;-2.98;-2.81;sens
2026-04-14 06:45:02.738734;Close OK. order_send(): by;pmxRKO;ETHUSD;buy;2026-04-14 09:45:01;2026-04-14 07:45:00;1.0;2366.68;2363.62;2363.62;2363.62;0.00;-2.60;-2.60;sens
2026-04-14 06:45:31.735141;Close OK. order_send(): by;pmxRKO;ETHUSD;sell;2026-04-14 09:45:02;2026-04-14 07:45:00;1.0;2363.62;2365.58;2365.58;2365.58;0.00;-1.67;-1.67;sens
2026-04-14 06:45:33.735275;Close OK. order_send(): by;pmxRKO;ETHUSD;buy;2026-04-14 09:45:31;2026-04-14 07:45:00;1.0;2365.53;2362.12;2362.12;2362.27;0.00;-2.90;-2.77;sens
2026-04-14 06:45:50.729600;Close OK. order_send(): by;pmxRKO;ETHUSD;sell;2026-04-14 09:45:33;2026-04-14 07:45:00;1.0;2362.12;2365.33;2365.33;2365.33;0.00;-2.73;-2.73;sens
2026-04-14 06:45:51.736458;Close OK. order_send(): by;pmxRKO;ETHUSD;buy;2026-04-14 09:45:50;2026-04-14 07:45:00;1.0;2365.33;2362.77;2362.77;2362.77;0.00;-2.18;-2.18;sens
2026-04-14 06:45:57.713612;Close OK. order_send(): by;pmxRKO;ETHUSD;sell;2026-04-14 09:45:51;2026-04-14 07:45:00;1.0;2362.77;2366.03;2366.03;2365.83;0.00;-2.77;-2.60;sens
2026-04-14 06:48:15.738305;Close OK. order_send(): by;pmxRKO;ETHUSD;buy;2026-04-14 09:45:57;2026-04-14 07:45:00;1.0;2365.83;2364.12;2364.12;2364.22;0.00;-1.45;-1.37;sens
2026-04-14 06:48:16.731719;Close OK. order_send(): by;pmxRKO;ETHUSD;sell;2026-04-14 09:48:15;2026-04-14 07:48:00;1.0;2364.22;2367.08;2367.08;2367.08;0.00;-2.43;-2.43;sens
2026-04-14 06:48:21.725139;Close OK. order_send(): by;pmxRKO;ETHUSD;buy;2026-04-14 09:48:16;2026-04-14 07:48:00;1.0;2367.08;2363.87;2363.92;2363.87;0.00;-2.73;-2.73;sens
2026-04-14 06:48:22.727687;Close OK. order_send(): by;pmxRKO;ETHUSD;sell;2026-04-14 09:48:21;2026-04-14 07:48:00;1.0;2363.87;2366.58;2366.58;2366.58;0.00;-2.30;-2.30;sens
2026-04-14 06:48:26.764991;Close OK. order_send(): by;pmxRKO;ETHUSD;buy;2026-04-14 09:48:22;2026-04-14 07:48:00;1.0;2366.58;2363.57;2363.57;2363.57;0.00;-2.56;-2.56;sens
2026-04-14 06:48:27.765122;Close OK. order_send(): by;pmxRKO;ETHUSD;sell;2026-04-14 09:48:26;2026-04-14 07:48:00;1.0;2363.62;2366.18;2366.18;2366.18;0.00;-2.18;-2.18;sens
2026-04-14 06:48:28.731566;Close OK. order_send(): by;pmxRKO;ETHUSD;buy;2026-04-14 09:48:27;2026-04-14 07:48:00;1.0;2366.18;2363.47;2363.47;2363.57;0.00;-2.30;-2.22;sens
2026-04-14 06:48:31.769053;Close OK. order_send(): by;pmxRKO;ETHUSD;sell;2026-04-14 09:48:28;2026-04-14 07:48:00;1.0;2363.57;2366.23;2366.23;2366.23;0.00;-2.26;-2.26;sens
2026-04-14 06:48:42.734911;Close OK. order_send(): by;pmxRKO;ETHUSD;buy;2026-04-14 09:48:31;2026-04-14 07:48:00;1.0;2366.23;2363.27;2363.27;2363.27;0.00;-2.52;-2.52;sens
2026-04-14 06:48:43.772923;Close OK. order_send(): by;pmxRKO;ETHUSD;sell;2026-04-14 09:48:42;2026-04-14 07:48:00;1.0;2363.57;2366.18;2366.18;2366.13;0.00;-2.22;-2.18;sens
2026-04-14 06:48:44.736961;Close OK. order_send(): by;pmxRKO;ETHUSD;buy;2026-04-14 09:48:43;2026-04-14 07:48:00;1.0;2366.13;2363.47;2363.47;2363.52;0.00;-2.26;-2.22;sens
2026-04-14 06:48:52.730532;Close OK. order_send(): by;pmxRKO;ETHUSD;sell;2026-04-14 09:48:44;2026-04-14 07:48:00;1.0;2363.57;2366.18;2366.18;2366.18;0.00;-2.22;-2.22;sens
2026-04-14 06:48:53.726494;Close OK. order_send(): by;pmxRKO;ETHUSD;buy;2026-04-14 09:48:52;2026-04-14 07:48:00;1.0;2366.18;2363.52;2363.52;2363.52;0.00;-2.26;-2.26;sens
2026-04-14 06:49:00.737623;Close OK. order_send(): by;pmxRKO;ETHUSD;sell;2026-04-14 09:48:53;2026-04-14 07:48:00;1.0;2363.52;2366.78;2366.78;2366.78;0.00;-2.77;-2.77;sens
2026-04-14 06:49:06.760973;Close OK. order_send(): by;pmxRKO;ETHUSD;buy;2026-04-14 09:49:00;2026-04-14 07:49:00;1.0;2366.58;2363.57;2363.82;2363.82;0.00;-2.56;-2.35;sens
2026-04-14 06:49:07.731522;Close OK. order_send(): by;pmxRKO;ETHUSD;sell;2026-04-14 09:49:06;2026-04-14 07:49:00;1.0;2363.87;2366.68;2366.68;2366.68;0.00;-2.39;-2.39;sens
2026-04-14 06:50:29.767676;Close OK. order_send(): by;pmxRKO;ETHUSD;buy;2026-04-14 09:49:07;2026-04-14 07:49:00;1.0;2366.68;2364.07;2363.92;2363.92;0.00;-2.22;-2.35;sens
2026-04-14 06:50:31.732304;Close OK. order_send(): by;pmxRKO;ETHUSD;sell;2026-04-14 09:50:29;2026-04-14 07:50:00;1.0;2364.02;2366.78;2366.78;2366.68;0.00;-2.35;-2.26;sens
2026-04-14 06:50:32.725217;Close OK. order_send(): by;pmxRKO;ETHUSD;buy;2026-04-14 09:50:31;2026-04-14 07:50:00;1.0;2366.68;2363.82;2363.82;2363.82;0.00;-2.43;-2.43;sens
2026-04-14 06:50:48.533044;Close OK. order_send(): by;pmxRKO;ETHUSD;sell;2026-04-14 09:50:32;2026-04-14 07:50:00;1.0;2363.92;2366.78;2366.68;2366.78;0.00;-2.43;-2.43;sens
2026-04-14 06:50:49.526076;Close OK. order_send(): by;pmxRKO;ETHUSD;buy;2026-04-14 09:50:48;2026-04-14 07:50:00;1.0;2366.73;2364.07;2364.07;2364.07;0.00;-2.26;-2.26;sens
2026-04-14 06:50:52.654983;Close OK. order_send(): by;pmxRKO;ETHUSD;sell;2026-04-14 09:50:49;2026-04-14 07:50:00;1.0;2364.02;2366.68;2366.68;2366.68;0.00;-2.26;-2.26;sens
2026-04-14 06:50:53.684630;Close OK. order_send(): by;pmxRKO;ETHUSD;buy;2026-04-14 09:50:52;2026-04-14 07:50:00;1.0;2366.68;2364.02;2364.02;2364.07;0.00;-2.26;-2.22;sens
2026-04-14 06:50:54.732822;Close OK. order_send(): by;pmxRKO;ETHUSD;sell;2026-04-14 09:50:53;2026-04-14 07:50:00;1.0;2364.07;2366.78;2366.78;2366.68;0.00;-2.30;-2.22;sens
2026-04-14 06:50:56.733515;Close OK. order_send(): by;pmxRKO;ETHUSD;buy;2026-04-14 09:50:54;2026-04-14 07:50:00;1.0;2366.68;2363.97;2364.02;2364.02;0.00;-2.30;-2.26;sens
2026-04-14 06:50:58.730973;Close OK. order_send(): by;pmxRKO;ETHUSD;sell;2026-04-14 09:50:56;2026-04-14 07:50:00;1.0;2364.07;2366.83;2366.83;2366.83;0.00;-2.35;-2.35;sens
2026-04-14 06:51:01.730664;Close OK. order_send(): by;pmxRKO;ETHUSD;buy;2026-04-14 09:50:58;2026-04-14 07:50:00;1.0;2366.83;2364.27;2364.27;2364.27;0.00;-2.18;-2.18;sens
2026-04-14 06:52:32.733277;Close OK. order_send(): by;pmxRKO;ETHUSD;sell;2026-04-14 09:51:01;2026-04-14 07:51:00;1.0;2364.27;2366.78;2366.78;2366.78;0.00;-2.13;-2.13;sens
2026-04-14 06:52:38.734822;Close OK. order_send(): by;pmxRKO;ETHUSD;buy;2026-04-14 09:52:32;2026-04-14 07:52:00;1.0;2366.78;2363.57;2363.67;2363.62;0.00;-2.73;-2.69;sens
2026-04-14 06:52:55.757876;Close OK. order_send(): by;pmxRKO;ETHUSD;sell;2026-04-14 09:52:38;2026-04-14 07:52:00;1.0;2363.62;2366.83;2366.83;2366.83;0.00;-2.73;-2.73;sens
2026-04-14 06:53:17.744525;Close OK. order_send(): by;pmxRKO;ETHUSD;buy;2026-04-14 09:52:55;2026-04-14 07:52:00;1.0;2366.83;2363.72;2363.72;2363.72;0.00;-2.64;-2.64;sens
2026-04-14 06:54:01.727942;Close OK. order_send(): by;pmxRKO;ETHUSD;sell;2026-04-14 09:53:17;2026-04-14 07:53:00;1.0;2363.92;2366.33;2366.33;2366.33;0.00;-2.05;-2.05;sens
2026-04-14 06:54:50.727226;Close OK. order_send(): by;pmxRKO;ETHUSD;buy;2026-04-14 09:54:01;2026-04-14 07:54:00;1.0;2366.33;2363.67;2363.67;2363.67;0.00;-2.26;-2.26;sens
2026-04-14 06:54:51.728576;Close OK. order_send(): by;pmxRKO;ETHUSD;sell;2026-04-14 09:54:50;2026-04-14 07:54:00;1.0;2363.67;2366.23;2366.23;2366.23;0.00;-2.18;-2.18;sens
2026-04-14 06:54:52.742110;Close OK. order_send(): by;pmxRKO;ETHUSD;buy;2026-04-14 09:54:51;2026-04-14 07:54:00;1.0;2366.23;2363.47;2363.47;2363.47;0.00;-2.35;-2.35;sens
2026-04-14 06:54:53.752393;Close OK. order_send(): by;pmxRKO;ETHUSD;sell;2026-04-14 09:54:52;2026-04-14 07:54:00;1.0;2363.47;2366.13;2366.13;2366.13;0.00;-2.26;-2.26;sens
2026-04-14 06:54:54.735382;Close OK. order_send(): by;pmxRKO;ETHUSD;buy;2026-04-14 09:54:53;2026-04-14 07:54:00;1.0;2366.13;2363.57;2363.57;2363.57;0.00;-2.18;-2.18;sens
2026-04-14 06:54:55.728703;Close OK. order_send(): by;pmxRKO;ETHUSD;sell;2026-04-14 09:54:54;2026-04-14 07:54:00;1.0;2363.57;2366.13;2366.13;2366.13;0.00;-2.18;-2.18;sens
2026-04-14 06:54:56.701723;Close OK. order_send(): by;pmxRKO;ETHUSD;buy;2026-04-14 09:54:55;2026-04-14 07:54:00;1.0;2366.13;2363.22;2363.22;2363.27;0.00;-2.47;-2.43;sens
2026-04-14 06:55:05.742750;Close OK. order_send(): by;pmxRKO;ETHUSD;sell;2026-04-14 09:54:56;2026-04-14 07:54:00;1.0;2363.22;2365.88;2365.88;2365.88;0.00;-2.26;-2.26;sens
2026-04-14 06:55:06.738338;Close OK. order_send(): by;pmxRKO;ETHUSD;buy;2026-04-14 09:55:05;2026-04-14 07:55:00;1.0;2365.78;2363.07;2363.07;2363.07;0.00;-2.30;-2.30;sens
2026-04-14 06:55:12.743261;Close OK. order_send(): by;pmxRKO;ETHUSD;sell;2026-04-14 09:55:06;2026-04-14 07:55:00;1.0;2363.17;2365.93;2365.83;2365.93;0.00;-2.35;-2.35;sens
2026-04-14 06:55:30.746973;Close OK. order_send(): by;pmxRKO;ETHUSD;buy;2026-04-14 09:55:12;2026-04-14 07:55:00;1.0;2365.93;2363.12;2363.02;2363.02;0.00;-2.39;-2.47;sens
2026-04-14 06:55:53.733474;Close OK. order_send(): by;pmxRKO;ETHUSD;sell;2026-04-14 09:55:30;2026-04-14 07:55:00;1.0;2363.02;2365.88;2365.83;2365.83;0.00;-2.43;-2.39;sens
2026-04-14 06:55:56.736206;Close OK. order_send(): by;pmxRKO;ETHUSD;buy;2026-04-14 09:55:53;2026-04-14 07:55:00;1.0;2365.83;2363.07;2363.07;2363.07;0.00;-2.35;-2.35;sens
2026-04-14 06:56:00.744804;Close OK. order_send(): by;pmxRKO;ETHUSD;sell;2026-04-14 09:55:56;2026-04-14 07:55:00;1.0;2363.07;2366.08;2365.88;2365.83;0.00;-2.56;-2.35;sens
2026-04-14 06:57:18.732041;Close OK. order_send(): by;pmxRKO;ETHUSD;buy;2026-04-14 09:56:00;2026-04-14 07:56:00;1.0;2365.83;2363.12;2363.32;2363.32;0.00;-2.30;-2.13;sens
2026-04-14 06:57:19.768876;Close OK. order_send(): by;pmxRKO;ETHUSD;sell;2026-04-14 09:57:18;2026-04-14 07:57:00;1.0;2363.42;2366.03;2366.03;2366.03;0.00;-2.22;-2.22;sens
2026-04-14 06:58:10.750002;Close OK. order_send(): by;pmxRKO;ETHUSD;buy;2026-04-14 09:57:19;2026-04-14 07:57:00;1.0;2366.03;2363.52;2363.52;2363.52;0.00;-2.13;-2.13;sens
2026-04-14 07:00:04.759481;Close OK. order_send(): by;pmxRKO;ETHUSD;sell;2026-04-14 09:58:10;2026-04-14 07:58:00;1.0;2363.52;2366.88;2366.88;2366.88;0.00;-2.86;-2.86;sens
2026-04-14 07:00:05.714993;Close OK. order_send(): by;pmxRKO;ETHUSD;buy;2026-04-14 10:00:04;2026-04-14 08:00:00;1.0;2366.78;2364.17;2364.27;2364.27;0.00;-2.22;-2.13;sens
2026-04-14 07:00:13.737187;Close OK. order_send(): by;pmxRKO;ETHUSD;sell;2026-04-14 10:00:05;2026-04-14 08:00:00;1.0;2364.17;2366.88;2366.88;2366.88;0.00;-2.30;-2.30;sens
2026-04-14 07:00:17.749419;Close OK. order_send(): by;pmxRKO;ETHUSD;buy;2026-04-14 10:00:13;2026-04-14 08:00:00;1.0;2366.88;2363.72;2363.72;2363.82;0.00;-2.69;-2.60;sens
2026-04-14 07:02:08.769276;Close OK. order_send(): by;pmxRKO;ETHUSD;sell;2026-04-14 10:00:17;2026-04-14 08:00:00;1.0;2363.97;2365.73;2365.73;2365.73;0.00;-1.50;-1.50;sens
2026-04-14 07:02:35.742356;Close OK. order_send(): by;pmxRKO;ETHUSD;buy;2026-04-14 10:02:08;2026-04-14 08:02:00;1.0;2365.68;2362.27;2362.27;2362.27;0.00;-2.90;-2.90;sens
2026-04-14 07:03:03.779127;Close OK. order_send(): by;pmxRKO;ETHUSD;sell;2026-04-14 10:02:35;2026-04-14 08:02:00;1.0;2362.32;2364.98;2364.98;2364.98;0.00;-2.26;-2.26;sens
2026-04-14 07:03:07.743198;Close OK. order_send(): by;pmxRKO;ETHUSD;buy;2026-04-14 10:03:03;2026-04-14 08:03:00;1.0;2364.98;2362.32;2362.32;2362.27;0.00;-2.26;-2.30;sens
2026-04-14 07:03:10.768823;Close OK. order_send(): by;pmxRKO;ETHUSD;sell;2026-04-14 10:03:07;2026-04-14 08:03:00;1.0;2361.97;2364.98;2364.98;2364.98;0.00;-2.56;-2.56;sens
2026-04-14 07:03:20.733720;Close OK. order_send(): by;pmxRKO;ETHUSD;buy;2026-04-14 10:03:10;2026-04-14 08:03:00;1.0;2364.98;2362.47;2362.47;2362.47;0.00;-2.13;-2.13;sens
2026-04-14 07:03:21.734328;Close OK. order_send(): by;pmxRKO;ETHUSD;sell;2026-04-14 10:03:20;2026-04-14 08:03:00;1.0;2362.47;2365.38;2365.38;2365.38;0.00;-2.47;-2.47;sens
2026-04-14 07:04:17.726607;Close OK. order_send(): by;pmxRKO;ETHUSD;buy;2026-04-14 10:03:21;2026-04-14 08:03:00;1.0;2365.38;2362.57;2362.52;2362.47;0.00;-2.39;-2.47;sens
2026-04-14 07:04:18.769250;Close OK. order_send(): by;pmxRKO;ETHUSD;sell;2026-04-14 10:04:17;2026-04-14 08:04:00;1.0;2362.47;2365.28;2365.28;2365.28;0.00;-2.39;-2.39;sens
2026-04-14 07:04:50.739566;Close OK. order_send(): by;pmxRKO;ETHUSD;buy;2026-04-14 10:04:18;2026-04-14 08:04:00;1.0;2365.28;2362.22;2362.22;2362.22;0.00;-2.60;-2.60;sens
2026-04-14 07:04:56.737238;Close OK. order_send(): by;pmxRKO;ETHUSD;sell;2026-04-14 10:04:50;2026-04-14 08:04:00;1.0;2362.22;2364.98;2364.98;2364.98;0.00;-2.35;-2.35;sens
2026-04-14 07:04:59.735146;Close OK. order_send(): by;pmxRKO;ETHUSD;buy;2026-04-14 10:04:56;2026-04-14 08:04:00;1.0;2364.98;2362.47;2362.47;2362.52;0.00;-2.13;-2.09;sens
2026-04-14 07:07:06.734763;Close OK. order_send(): by;pmxRKO;ETHUSD;sell;2026-04-14 10:04:59;2026-04-14 08:04:00;1.0;2362.52;2364.48;2364.48;2364.48;0.00;-1.67;-1.67;sens
2026-04-14 07:07:07.743811;Close OK. order_send(): by;pmxRKO;ETHUSD;buy;2026-04-14 10:07:06;2026-04-14 08:07:00;1.0;2364.48;2361.87;2361.87;2361.87;0.00;-2.22;-2.22;sens
2026-04-14 07:07:10.769415;Close OK. order_send(): by;pmxRKO;ETHUSD;sell;2026-04-14 10:07:07;2026-04-14 08:07:00;1.0;2361.87;2364.63;2364.63;2364.63;0.00;-2.35;-2.35;sens
2026-04-14 07:08:36.739322;Close OK. order_send(): by;pmxRKO;ETHUSD;buy;2026-04-14 10:07:10;2026-04-14 08:07:00;1.0;2364.68;2361.87;2361.87;2361.92;0.00;-2.39;-2.35;sens
2026-04-14 07:09:01.737845;Close OK. order_send(): by;pmxRKO;ETHUSD;sell;2026-04-14 10:08:36;2026-04-14 08:08:00;1.0;2361.87;2364.98;2364.98;2365.18;0.00;-2.64;-2.81;sens
2026-04-14 07:10:05.756566;Close OK. order_send(): by;pmxRKO;ETHUSD;buy;2026-04-14 10:09:01;2026-04-14 08:09:00;1.0;2365.23;2361.47;2361.47;2361.47;0.00;-3.20;-3.20;sens
2026-04-14 07:10:07.768658;Close OK. order_send(): by;pmxRKO;ETHUSD;sell;2026-04-14 10:10:05;2026-04-14 08:10:00;1.0;2361.47;2364.23;2364.03;2364.03;0.00;-2.35;-2.18;sens
2026-04-14 07:10:08.733290;Close OK. order_send(): by;pmxRKO;ETHUSD;buy;2026-04-14 10:10:07;2026-04-14 08:10:00;1.0;2364.08;2361.47;2361.47;2361.47;0.00;-2.22;-2.22;sens
2026-04-14 07:10:12.772477;Close OK. order_send(): by;pmxRKO;ETHUSD;sell;2026-04-14 10:10:08;2026-04-14 08:10:00;1.0;2361.47;2364.33;2364.33;2364.33;0.00;-2.43;-2.43;sens
2026-04-14 07:10:13.737140;Close OK. order_send(): by;pmxRKO;ETHUSD;buy;2026-04-14 10:10:12;2026-04-14 08:10:00;1.0;2364.33;2361.47;2361.47;2361.47;0.00;-2.43;-2.43;sens
2026-04-14 07:10:14.733480;Close OK. order_send(): by;pmxRKO;ETHUSD;sell;2026-04-14 10:10:13;2026-04-14 08:10:00;1.0;2361.77;2364.33;2364.33;2364.33;0.00;-2.18;-2.18;sens
2026-04-14 07:10:15.730987;Close OK. order_send(): by;pmxRKO;ETHUSD;buy;2026-04-14 10:10:14;2026-04-14 08:10:00;1.0;2364.33;2361.52;2361.52;2361.57;0.00;-2.39;-2.35;sens
2026-04-14 07:10:16.721351;Close OK. order_send(): by;pmxRKO;ETHUSD;sell;2026-04-14 10:10:15;2026-04-14 08:10:00;1.0;2361.57;2364.33;2364.13;2364.13;0.00;-2.35;-2.18;sens
2026-04-14 11:03:02.254220;Close OK. order_send(): by;pmxRKO;ETHUSD;buy;2026-04-14 14:00:34;2026-04-14 12:00:00;1.0;2390.78;2386.92;2386.92;2387.22;0.00;-3.28;-3.02;sens
2026-04-14 11:07:02.238837;Close OK. order_send(): by;pmxRKO;ETHUSD;sell;2026-04-14 14:03:02;2026-04-14 12:03:00;1.0;2387.22;2391.38;2391.38;2391.38;0.00;-3.53;-3.53;sens
2026-04-14 11:11:02.240819;Close OK. order_send(): by;pmxRKO;ETHUSD;buy;2026-04-14 14:07:02;2026-04-14 12:07:00;1.0;2391.38;2391.57;2391.57;2391.57;0.00;0.16;0.16;sens
2026-04-14 11:15:02.446819;Close OK. order_send(): by;pmxRKO;ETHUSD;sell;2026-04-14 14:13:02;2026-04-14 12:13:00;1.0;2390.67;2394.83;2394.88;2394.93;0.00;-3.53;-3.61;sens
2026-04-14 11:16:02.248276;Close OK. order_send(): by;pmxRKO;ETHUSD;buy;2026-04-14 14:15:02;2026-04-14 12:15:00;1.0;2394.93;2391.02;2391.02;2391.02;0.00;-3.32;-3.32;sens
2026-04-14 11:17:02.277931;Close OK. order_send(): by;pmxRKO;ETHUSD;sell;2026-04-14 14:16:02;2026-04-14 12:16:00;1.0;2391.07;2396.53;2396.53;2396.78;0.00;-4.63;-4.84;sens
2026-04-14 11:18:02.247294;Close OK. order_send(): by;pmxRKO;ETHUSD;buy;2026-04-14 14:17:02;2026-04-14 12:17:00;1.0;2396.83;2393.22;2393.22;2393.17;0.00;-3.06;-3.10;sens
2026-04-14 11:23:02.275196;Close OK. order_send(): by;pmxRKO;ETHUSD;sell;2026-04-14 14:18:02;2026-04-14 12:18:00;1.0;2392.82;2392.88;2392.88;2392.83;0.00;-0.05;-0.01;sens
2026-04-14 11:25:02.247848;Close OK. order_send(): by;pmxRKO;ETHUSD;buy;2026-04-14 14:23:02;2026-04-14 12:23:00;1.0;2392.78;2387.72;2387.72;2387.72;0.00;-4.29;-4.29;sens
2026-04-14 11:27:02.281012;Close OK. order_send(): by;pmxRKO;ETHUSD;sell;2026-04-14 14:25:02;2026-04-14 12:25:00;1.0;2387.72;2391.33;2391.33;2391.33;0.00;-3.06;-3.06;sens
2026-04-14 11:32:02.247004;Close OK. order_send(): by;pmxRKO;ETHUSD;buy;2026-04-14 14:27:02;2026-04-14 12:27:00;1.0;2391.33;2388.32;2388.32;2388.32;0.00;-2.55;-2.55;sens
2026-04-14 11:33:02.259736;Close OK. order_send(): by;pmxRKO;ETHUSD;sell;2026-04-14 14:32:02;2026-04-14 12:32:00;1.0;2388.32;2393.43;2393.43;2393.43;0.00;-4.34;-4.34;sens
2026-04-14 11:36:02.244936;Close OK. order_send(): by;pmxRKO;ETHUSD;buy;2026-04-14 14:33:02;2026-04-14 12:33:00;1.0;2393.43;2389.22;2389.22;2389.22;0.00;-3.57;-3.57;sens
2026-04-14 11:40:02.239033;Close OK. order_send(): by;pmxRKO;ETHUSD;sell;2026-04-14 14:36:02;2026-04-14 12:36:00;1.0;2389.22;2394.68;2394.68;2394.83;0.00;-4.63;-4.76;sens
2026-04-14 11:42:02.276231;Close OK. order_send(): by;pmxRKO;ETHUSD;buy;2026-04-14 14:40:02;2026-04-14 12:40:00;1.0;2395.13;2388.67;2388.72;2388.47;0.00;-5.48;-5.65;sens
2026-04-14 11:47:02.238101;Close OK. order_send(): by;pmxRKO;ETHUSD;sell;2026-04-14 14:42:02;2026-04-14 12:42:00;1.0;2388.47;2389.73;2389.73;2389.63;0.00;-1.07;-0.98;sens
2026-04-14 11:50:03.280534;Close OK. order_send(): by;pmxRKO;ETHUSD;buy;2026-04-14 14:47:02;2026-04-14 12:47:00;1.0;2389.48;2385.47;2385.47;2385.47;0.00;-3.40;-3.40;sens
2026-04-14 11:51:02.244094;Close OK. order_send(): by;pmxRKO;ETHUSD;sell;2026-04-14 14:50:03;2026-04-14 12:50:00;1.0;2385.47;2388.08;2388.08;2388.08;0.00;-2.21;-2.21;sens
2026-04-14 11:52:02.240203;Close OK. order_send(): by;pmxRKO;ETHUSD;buy;2026-04-14 14:51:02;2026-04-14 12:51:00;1.0;2388.08;2385.22;2385.22;2385.22;0.00;-2.43;-2.43;sens
2026-04-14 11:54:02.261741;Close OK. order_send(): by;pmxRKO;ETHUSD;sell;2026-04-14 14:52:02;2026-04-14 12:52:00;1.0;2385.22;2388.33;2388.33;2388.33;0.00;-2.64;-2.64;sens
2026-04-14 11:59:02.304404;Close OK. order_send(): by;pmxRKO;ETHUSD;buy;2026-04-14 14:54:02;2026-04-14 12:54:00;1.0;2388.33;2387.17;2387.17;2387.22;0.00;-0.98;-0.94;sens
2026-04-14 12:05:02.249006;Close OK. order_send(): by;pmxRKO;ETHUSD;sell;2026-04-14 14:59:02;2026-04-14 12:59:00;1.0;2387.22;2386.88;2386.88;2386.88;0.00;0.29;0.29;sens
2026-04-14 12:10:02.241547;Close OK. order_send(): by;pmxRKO;ETHUSD;buy;2026-04-14 15:05:02;2026-04-14 13:05:00;1.0;2386.88;2384.72;2384.92;2384.92;0.00;-1.83;-1.66;sens
2026-04-14 12:13:02.252319;Close OK. order_send(): by;pmxRKO;ETHUSD;sell;2026-04-14 15:10:02;2026-04-14 13:10:00;1.0;2384.92;2387.38;2387.38;2387.33;0.00;-2.09;-2.04;sens
2026-04-14 12:16:02.246134;Close OK. order_send(): by;pmxRKO;ETHUSD;buy;2026-04-14 15:13:02;2026-04-14 13:13:00;1.0;2387.33;2384.27;2384.27;2384.27;0.00;-2.59;-2.59;sens
2026-04-14 12:24:26.078965;Close OK. order_send(): by;pmxRKO;ETHUSD;sell;2026-04-14 15:16:02;None;1.0;2384.27;2387.78;2387.63;2387.63;0.00;-2.98;-2.85;sens
2026-04-14 12:27:02.433989;Close OK. order_send(): by;pmxRKO;ETHUSD;buy;2026-04-14 15:24:26;2026-04-14 13:24:00;1.0;2387.63;2383.87;2383.97;2383.97;0.00;-3.19;-3.10;sens
2026-04-14 12:29:02.377403;Close OK. order_send(): by;pmxRKO;ETHUSD;sell;2026-04-14 15:27:02;2026-04-14 13:27:00;1.0;2384.07;2387.28;2387.28;2387.28;0.00;-2.72;-2.72;sens
2026-04-14 12:30:02.240530;Close OK. order_send(): by;pmxRKO;ETHUSD;buy;2026-04-14 15:29:02;2026-04-14 13:29:00;1.0;2387.28;2383.52;2383.47;2383.47;0.00;-3.19;-3.23;sens
2026-04-14 12:31:02.260789;Close OK. order_send(): by;pmxRKO;ETHUSD;sell;2026-04-14 15:30:02;2026-04-14 13:30:00;1.0;2383.47;2387.58;2387.58;2387.58;0.00;-3.49;-3.49;sens
2026-04-14 12:32:02.285476;Close OK. order_send(): by;pmxRKO;ETHUSD;buy;2026-04-14 15:31:02;2026-04-14 13:31:00;1.0;2387.58;2383.87;2383.87;2383.87;0.00;-3.15;-3.15;sens
2026-04-14 12:34:02.228369;Close OK. order_send(): by;pmxRKO;ETHUSD;sell;2026-04-14 15:32:02;2026-04-14 13:32:00;1.0;2383.87;2385.38;2386.28;2386.28;0.00;-1.28;-2.04;sens
2026-04-14 12:39:02.277054;Close OK. order_send(): by;pmxRKO;ETHUSD;buy;2026-04-14 15:34:02;2026-04-14 13:34:00;1.0;2386.08;2380.52;2380.52;2380.47;0.00;-4.71;-4.76;sens
2026-04-14 12:48:02.242986;Close OK. order_send(): by;pmxRKO;ETHUSD;sell;2026-04-14 15:44:02;2026-04-14 13:44:00;1.0;2375.92;2376.38;2376.43;2376.43;0.00;-0.39;-0.43;sens
2026-04-14 12:55:02.256557;Close OK. order_send(): by;pmxRKO;ETHUSD;buy;2026-04-14 15:48:02;2026-04-14 13:48:00;1.0;2376.43;2375.32;2375.32;2375.32;0.00;-0.94;-0.94;sens
2026-04-14 12:56:02.243253;Close OK. order_send(): by;pmxRKO;ETHUSD;sell;2026-04-14 15:55:02;2026-04-14 13:55:00;1.0;2375.32;2380.13;2380.13;2380.13;0.00;-4.08;-4.08;sens
2026-04-14 12:57:03.248359;Close OK. order_send(): by;pmxRKO;ETHUSD;buy;2026-04-14 15:56:02;2026-04-14 13:56:00;1.0;2380.08;2375.77;2375.77;2375.77;0.00;-3.65;-3.65;sens
2026-04-14 13:01:02.266515;Close OK. order_send(): by;pmxRKO;ETHUSD;sell;2026-04-14 15:57:03;2026-04-14 13:57:00;1.0;2375.82;2377.78;2377.93;2377.93;0.00;-1.66;-1.79;sens
2026-04-14 13:02:03.257378;Close OK. order_send(): by;pmxRKO;ETHUSD;buy;2026-04-14 16:01:02;2026-04-14 14:01:00;1.0;2377.88;2374.27;2374.27;2374.27;0.00;-3.06;-3.06;sens
2026-04-14 13:04:02.253108;Close OK. order_send(): by;pmxRKO;ETHUSD;sell;2026-04-14 16:02:03;2026-04-14 14:02:00;1.0;2374.27;2377.98;2377.98;2377.98;0.00;-3.14;-3.14;sens
2026-04-14 13:06:02.252637;Close OK. order_send(): by;pmxRKO;ETHUSD;buy;2026-04-14 16:04:02;2026-04-14 14:04:00;1.0;2378.03;2374.67;2374.67;2374.72;0.00;-2.85;-2.81;sens
2026-04-14 13:09:02.253183;Close OK. order_send(): by;pmxRKO;ETHUSD;sell;2026-04-14 16:06:02;2026-04-14 14:06:00;1.0;2374.72;2377.18;2377.18;2377.18;0.00;-2.08;-2.08;sens
2026-04-14 13:11:02.227772;Close OK. order_send(): by;pmxRKO;ETHUSD;buy;2026-04-14 16:09:02;2026-04-14 14:09:00;1.0;2377.18;2373.77;2373.77;2373.77;0.00;-2.89;-2.89;sens
2026-04-14 13:14:02.262220;Close OK. order_send(): by;pmxRKO;ETHUSD;sell;2026-04-14 16:11:02;2026-04-14 14:11:00;1.0;2373.62;2377.18;2377.18;2376.98;0.00;-3.02;-2.85;sens
2026-04-14 13:22:02.246544;Close OK. order_send(): by;pmxRKO;ETHUSD;buy;2026-04-14 16:14:02;2026-04-14 14:14:00;1.0;2376.98;2374.22;2374.27;2374.27;0.00;-2.34;-2.30;sens
2026-04-14 13:25:02.254109;Close OK. order_send(): by;pmxRKO;ETHUSD;sell;2026-04-14 16:22:02;2026-04-14 14:22:00;1.0;2374.17;2374.03;2374.03;2374.03;0.00;0.12;0.12;sens
2026-04-14 13:29:02.254675;Close OK. order_send(): by;pmxRKO;ETHUSD;buy;2026-04-14 16:25:02;2026-04-14 14:25:00;1.0;2374.03;2370.87;2370.87;2370.87;0.00;-2.68;-2.68;sens
2026-04-14 13:33:02.313724;Close OK. order_send(): by;pmxRKO;ETHUSD;sell;2026-04-14 16:29:02;2026-04-14 14:29:00;1.0;2370.87;2370.88;2370.88;2370.88;0.00;-0.01;-0.01;sens
2026-04-14 13:41:02.251341;Close OK. order_send(): by;pmxRKO;ETHUSD;buy;2026-04-14 16:39:02;2026-04-14 14:39:00;1.0;2376.03;2371.87;2371.87;2371.87;0.00;-3.53;-3.53;sens
2026-04-14 13:43:02.256841;Close OK. order_send(): by;pmxRKO;ETHUSD;sell;2026-04-14 16:41:02;2026-04-14 14:41:00;1.0;2371.87;2375.78;2375.78;2375.68;0.00;-3.31;-3.23;sens
2026-04-14 13:44:02.239934;Close OK. order_send(): by;pmxRKO;ETHUSD;buy;2026-04-14 16:43:02;2026-04-14 14:43:00;1.0;2375.68;2371.77;2371.77;2371.77;0.00;-3.31;-3.31;sens
2026-04-14 13:46:02.276686;Close OK. order_send(): by;pmxRKO;ETHUSD;sell;2026-04-14 16:44:02;2026-04-14 14:44:00;1.0;2371.77;2375.03;2375.03;2374.93;0.00;-2.76;-2.68;sens
2026-04-14 13:47:02.503747;Close OK. order_send(): by;pmxRKO;ETHUSD;buy;2026-04-14 16:46:02;2026-04-14 14:46:00;1.0;2374.98;2372.62;2372.62;2372.62;0.00;-2.00;-2.00;sens
2026-04-14 13:48:02.228803;Close OK. order_send(): by;pmxRKO;ETHUSD;sell;2026-04-14 16:47:02;2026-04-14 14:47:00;1.0;2372.62;2376.38;2376.38;2376.38;0.00;-3.19;-3.19;sens
2026-04-14 13:50:02.241036;Close OK. order_send(): by;pmxRKO;ETHUSD;buy;2026-04-14 16:48:02;2026-04-14 14:48:00;1.0;2376.38;2376.12;2376.17;2376.12;0.00;-0.22;-0.22;sens
2026-04-14 14:07:02.263698;Close OK. order_send(): by;pmxRKO;ETHUSD;buy;2026-04-14 17:03:02;2026-04-14 15:03:00;1.0;2375.98;2375.12;2375.12;2375.12;0.00;-0.73;-0.73;sens
2026-04-14 14:08:03.244764;Close OK. order_send(): by;pmxRKO;ETHUSD;sell;2026-04-14 17:07:02;2026-04-14 15:07:00;1.0;2375.12;2378.33;2378.33;2378.33;0.00;-2.72;-2.72;sens
2026-04-14 14:10:02.243401;Close OK. order_send(): by;pmxRKO;ETHUSD;buy;2026-04-14 17:08:03;2026-04-14 15:08:00;1.0;2378.33;2375.87;2375.87;2375.87;0.00;-2.09;-2.09;sens
2026-04-14 14:16:02.247845;Close OK. order_send(): by;pmxRKO;ETHUSD;sell;2026-04-14 17:13:02;2026-04-14 15:13:00;1.0;2371.17;2373.08;2373.08;2373.08;0.00;-1.62;-1.62;sens
2026-04-14 14:20:02.261548;Close OK. order_send(): by;pmxRKO;ETHUSD;buy;2026-04-14 17:17:02;2026-04-14 15:17:00;1.0;2374.18;2371.22;2371.22;2371.22;0.00;-2.51;-2.51;sens
2026-04-14 14:23:02.254087;Close OK. order_send(): by;pmxRKO;ETHUSD;sell;2026-04-14 17:20:02;2026-04-14 15:20:00;1.0;2371.37;2372.53;2372.53;2372.53;0.00;-0.98;-0.98;sens
2026-04-14 14:37:02.303825;Close OK. order_send(): by;pmxRKO;ETHUSD;sell;2026-04-14 17:31:02;2026-04-14 15:31:00;1.0;2372.37;2377.13;2377.13;2377.13;0.00;-4.03;-4.03;sens
2026-04-14 14:38:02.785271;Close OK. order_send(): by;pmxRKO;ETHUSD;buy;2026-04-14 17:37:02;2026-04-14 15:37:00;1.0;2376.78;2372.17;2372.17;2372.22;0.00;-3.91;-3.86;sens
2026-04-14 14:40:02.405050;Close OK. order_send(): by;pmxRKO;ETHUSD;sell;2026-04-14 17:38:02;2026-04-14 15:38:00;1.0;2372.32;2376.88;2376.88;2376.73;0.00;-3.86;-3.74;sens
2026-04-14 14:42:02.619895;Close OK. order_send(): by;pmxRKO;ETHUSD;buy;2026-04-14 17:40:02;2026-04-14 15:40:00;1.0;2376.88;2373.72;2373.72;2373.72;0.00;-2.68;-2.68;sens
2026-04-14 14:46:02.244766;Close OK. order_send(): by;pmxRKO;ETHUSD;sell;2026-04-14 17:42:02;2026-04-14 15:42:00;1.0;2374.07;2374.18;2374.18;2374.18;0.00;-0.09;-0.09;sens
2026-04-14 14:53:02.226332;Close OK. order_send(): by;pmxRKO;ETHUSD;buy;2026-04-14 17:46:02;2026-04-14 15:46:00;1.0;2374.18;2372.82;2372.72;2372.72;0.00;-1.15;-1.24;sens
2026-04-14 14:55:02.276710;Close OK. order_send(): by;pmxRKO;ETHUSD;sell;2026-04-14 17:53:02;2026-04-14 15:53:00;1.0;2372.92;2376.23;2376.23;2376.18;0.00;-2.80;-2.76;sens
2026-04-14 14:58:02.267963;Close OK. order_send(): by;pmxRKO;ETHUSD;buy;2026-04-14 17:55:02;2026-04-14 15:55:00;1.0;2376.13;2372.92;2372.92;2372.92;0.00;-2.72;-2.72;sens
2026-04-14 15:01:02.436474;Close OK. order_send(): by;pmxRKO;ETHUSD;sell;2026-04-14 17:58:02;None;1.0;2372.92;2377.98;2377.98;2377.98;0.00;-4.29;-4.29;sens
2026-04-14 16:09:02.300817;Close OK. order_send(): by;pmxRKO;ETHUSD;buy;2026-04-14 18:43:09;2026-04-14 16:43:00;1.0;2395.98;2381.47;2381.47;2381.52;0.00;-12.30;-12.26;sltp
2026-04-14 17:25:02.229428;Close OK. order_send(): by;pmxRKO;ETHUSD;sell;2026-04-14 20:09:02;2026-04-14 18:09:00;1.0;2336.62;2349.23;2349.08;2350.23;0.00;-10.69;-11.53;sltp
2026-04-14 17:35:02.259088;Close OK. order_send(): by;pmxRKO;ETHUSD;sell;2026-04-14 20:28:02;2026-04-14 18:28:00;1.0;2345.52;2358.78;2358.83;2358.83;0.00;-11.24;-11.28;sens
2026-04-14 17:36:02.262454;Close OK. order_send(): by;pmxRKO;ETHUSD;buy;2026-04-14 20:35:02;2026-04-14 18:35:00;1.0;2359.28;2357.27;2357.22;2356.87;0.00;-1.70;-2.04;sens
2026-04-14 18:14:02.295408;Close OK. order_send(): by;pmxRKO;ETHUSD;buy;2026-04-14 20:53:02;2026-04-14 18:53:00;1.0;2372.63;2360.22;2360.47;2360.47;0.00;-10.53;-10.31;sltp
2026-04-14 18:21:02.255280;Close OK. order_send(): by;pmxRKO;ETHUSD;sell;2026-04-14 21:19:02;2026-04-14 19:19:00;1.0;2355.02;2358.13;2358.13;2358.13;0.00;-2.64;-2.64;sens
2026-04-14 21:07:01.749673;Close OK. order_send(): by;pmxRKO;ETHUSD;sell;2026-04-14 23:50:01;2026-04-14 21:50:00;1.0;2311.82;2324.28;2324.28;2324.28;0.00;-10.56;-10.56;sltp
2026-04-15 02:22:01.905448;Close OK. order_send(): by;pmxRKO;ETHUSD;sell;2026-04-15 00:26:20;2026-04-14 22:26:00;1.0;2302.07;2340.03;2339.63;2339.68;0.00;-33.01;-31.89;sltp
2026-04-15 14:17:02.241833;Close OK. order_send(): by;pmxRKO;ETHUSD;sell;2026-04-15 05:23:01;None;1.0;2341.22;2335.53;2335.53;2335.33;0.00;4.83;5.00;norm
2026-04-15 15:09:02.248072;Close OK. order_send(): by;pmxRKO;ETHUSD;sell;2026-04-15 17:42:02;2026-04-15 15:42:00;1.0;2336.67;2335.13;2335.13;2335.13;0.00;1.31;1.31;norm
2026-04-15 16:40:02.219521;Close OK. order_send(): by;pmxRKO;ETHUSD;sell;2026-04-15 19:34:02;2026-04-15 17:34:00;1.0;2336.82;2332.48;2332.23;2332.23;0.00;3.68;3.89;norm
2026-04-15 17:12:02.258358;Close OK. order_send(): by;pmxRKO;ETHUSD;sell;2026-04-15 19:58:02;2026-04-15 17:58:00;1.0;2337.32;2339.43;2339.83;2339.83;0.00;-1.79;-2.13;norm
2026-04-15 17:32:02.238939;Close OK. order_send(): by;pmxRKO;ETHUSD;sell;2026-04-15 20:25:02;2026-04-15 18:25:00;1.0;2338.27;2328.33;2328.33;2328.53;0.00;8.42;8.25;norm
2026-04-15 18:35:02.370252;Close OK. order_send(): by;pmxRKO;ETHUSD;sell;2026-04-15 21:12:02;2026-04-15 19:12:00;1.0;2338.72;2345.43;2345.48;2345.48;0.00;-5.69;-5.73;norm
2026-04-15 18:43:02.234758;Close OK. order_send(): by;pmxRKO;ETHUSD;sell;2026-04-15 21:41:02;2026-04-15 19:41:00;1.0;2338.52;2341.53;2341.53;2341.53;0.00;-2.55;-2.55;norm
2026-04-15 18:46:02.234210;Close OK. order_send(): by;pmxRKO;ETHUSD;sell;2026-04-15 21:45:02;2026-04-15 19:45:00;1.0;2337.37;2342.13;2342.13;2342.43;0.00;-4.03;-4.29;norm
2026-04-15 19:22:02.363265;Close OK. order_send(): by;pmxRKO;ETHUSD;sell;2026-04-15 21:47:02;2026-04-15 19:47:00;1.0;2337.47;2345.63;2345.63;2345.63;0.00;-6.92;-6.92;norm
2026-04-16 17:25:02.190293;Close OK. order_send(): by;pmxRKO;ETHUSD;sell;2026-04-16 19:20:01;2026-04-16 17:20:00;1.0;2292.82;2329.18;2330.18;2330.18;0.00;-30.88;-31.73;sltp
2026-04-16 19:25:02.741017;Close OK. order_send(): by;pmxRKO;ETHUSD;sell;2026-04-16 22:15:02;2026-04-16 20:15:00;1.0;2309.02;2326.93;2327.08;2328.28;0.00;-15.21;-16.36;norm
2026-04-16 20:40:02.640653;Close OK. order_send(): by;pmxRKO;ETHUSD;sell;2026-04-16 23:10:02;2026-04-16 21:10:00;1.0;2319.87;2334.03;2334.28;2334.28;0.00;-12.02;-12.23;norm
2026-04-17 14:00:02.296421;Close OK. order_send(): by;pmxRKO;ETHUSD;sell;2026-04-17 11:00:02;None;1.0;2317.97;2357.43;2357.63;2357.68;0.00;-33.46;-33.67;sltp
2026-04-19 15:28:23.228338;Close OK. order_send(): by;pmxRKO;ETHUSD;buy;2026-04-19 18:22:26;None;1.0;2351.58;2343.72;2343.62;2343.62;0.00;-6.68;-6.77;sens
2026-04-19 15:44:36.835014;Close OK. order_send(): by;pmxRKO;ETHUSD;sell;2026-04-19 18:28:23;None;1.0;2343.57;2344.13;2344.18;2344.18;0.00;-0.48;-0.52;norm
2026-04-20 13:02:06.305079;Close OK. order_send(): by;pmxRKO;ETHUSD;buy;2026-04-20 14:38:05;2026-04-20 12:00:00;1.0;2312.33;2301.52;2301.52;2301.42;0.00;-9.18;-9.27;norm
2026-04-21 00:18:13.599261;Close OK. order_send(): by;pmxRKO;ETHUSD;sell;2026-04-20 23:14:02;2026-04-20 21:00:00;1.0;2331.57;2322.03;2322.03;2322.03;0.00;7.26;8.09;norm
2026-04-21 01:49:35.130485;Close OK. order_send(): by;pmxRKO;ETHUSD;sell;2026-04-21 04:33:21;2026-04-21 02:30:00;1.0;2311.22;2318.18;2318.03;2318.03;0.00;-5.91;-5.78;norm
2026-04-21 13:04:24.105572;Close OK. order_send(): by;pmxRKO;ETHUSD;sell;2026-04-21 13:47:50;None;1.0;2331.67;2331.43;2331.43;2331.43;0.00;0.20;0.20;norm
2026-04-21 22:10:53.602672;Close OK. order_send(): by;pmxRKO;ETHUSD;buy;2026-04-22 00:43:38;2026-04-21 22:00:00;1.0;2291.13;2318.02;2318.07;2318.22;0.00;22.88;23.05;norm
2026-04-22 14:04:22.117268;Close OK. order_send(): by;pmxRKO;ETHUSD;sell;2026-04-22 14:15:43;None;1.0;2390.67;2402.23;2402.28;2402.43;0.00;-9.85;-10.02;norm
2026-04-26 07:14:49.061969;Close OK. order_send(): by;pmxRKO;ETHUSD;buy;2026-04-26 00:18:33;2026-04-25 22:00:00;1.0;2313.53;2328.17;2328.27;2328.27;0.00;12.49;12.58;norm
2026-04-27 17:26:52.610367;Close OK. order_send(): by;pmxRKO;ETHUSD;sell;2026-04-27 19:36:37;2026-04-27 17:00:00;1.0;2322.82;2272.53;2272.48;2272.48;0.00;42.86;42.91;norm
2026-04-27 17:36:54.600935;Close OK. order_send(): by;pmxRKO;ETHUSD;sell;2026-04-27 20:31:53;2026-04-27 18:00:00;1.0;2282.57;2282.08;2282.08;2282.08;0.00;0.42;0.42;norm
2026-04-27 17:42:40.552292;Close OK. order_send(): by;pmxRKO;ETHUSD;sell;2026-04-27 20:41:55;2026-04-27 18:00:00;1.0;2280.22;2286.28;2286.28;2286.18;0.00;-5.16;-5.08;norm
2026-04-27 17:51:56.600626;Close OK. order_send(): by;pmxRKO;ETHUSD;sell;2026-04-27 20:46:56;2026-04-27 18:00:00;1.0;2279.22;2279.13;2279.13;2279.08;0.00;0.08;0.12;norm
2026-04-28 15:29:29.248269;Close OK. order_send(): by;pmxRKO;ETHUSD;sell;2026-04-28 14:48:00;None;1.0;2278.62;2273.53;2273.53;2273.68;0.00;4.35;4.22;norm
2026-04-29 17:56:57.716804;Close OK. order_send(): by;pmxRKO;ETHUSD;sell;2026-04-29 19:01:44;2026-04-29 17:00:00;1.0;2297.92;2268.43;2268.83;2268.83;0.00;25.22;24.88;norm
2026-04-29 20:08:47.704943;Close OK. order_send(): by;pmxRKO;ETHUSD;sell;2026-04-29 21:01:58;2026-04-29 19:00:00;1.0;2271.82;2244.68;2244.68;2244.68;0.00;23.25;23.25;norm
2026-04-29 20:17:07.632427;Close OK. order_send(): by;pmxRKO;ETHUSD;sell;2026-04-29 23:16:32;2026-04-29 21:00:00;1.0;2242.97;2247.53;2247.53;2247.13;0.00;-3.90;-3.56;norm
2026-05-03 01:51:47.060428;Close OK. order_send(): by;pmxRKO;ETHUSD;sell;2026-05-03 02:46:25;2026-05-03 00:00:00;1.0;2326.17;2317.48;2317.48;2317.48;0.00;7.41;7.41;norm
2026-05-04 16:48:18.627887;Close OK. order_send(): by;pmxRKO;ETHUSD;sell;2026-05-04 15:04:31;2026-05-04 13:00:00;1.0;2349.72;2366.13;2366.38;2366.38;0.00;-14.02;-14.23;norm
2026-05-05 07:48:17.086714;Close OK. order_send(): by;pmxRKO;ETHUSD;buy;2026-05-05 10:39:34;2026-05-05 08:00:00;1.0;2391.93;2376.82;2376.82;2376.82;0.00;-12.93;-12.93;norm
2026-05-12 10:14:38.335048;Close OK. order_send(): by;pmxRKO;ETHUSD;sell;2026-05-12 10:41:55;2026-05-12 08:00:00;1.0;2310.32;2286.13;2286.13;2286.18;0.00;20.60;20.55;norm
2026-05-13 07:15:21.585498;Close OK. order_send(): by;pmxRKO;ETHUSD;buy;2026-05-13 09:55:22;2026-05-13 07:00:00;1.0;2308.03;2300.92;2300.92;2300.92;0.00;-6.06;-6.06;norm
2026-05-15 23:05:05.486280;Close OK. order_send(): by;pmxRKO;ETHUSD;sell;2026-05-15 22:01:00;None;1.0;2221.87;2227.38;2227.08;2221.58;0.00;-7.13;0.25;norm
2026-05-15 23:05:12.032091;Close OK. order_send(): by;pmxRKO;ETHUSD;sell;2026-05-16 02:05:09;2026-05-16 00:00:00;1.0;2217.67;2221.53;2221.53;2221.53;0.00;-3.32;-3.32;norm
2026-05-18 16:53:57.296677;Close OK. order_send(): by;pmxRKO;ETHUSD;buy;2026-05-18 19:38:50;2026-05-18 17:38:00;1.0;2112.38;2107.12;2107.17;2107.17;0.00;-4.52;-4.47;norm
2026-05-18 18:43:25.128814;Close OK. order_send(): by;pmxRKO;ETHUSD;buy;2026-05-18 21:38:24;2026-05-18 19:38:00;1.0;2098.43;2093.22;2092.72;2092.72;0.00;-4.47;-4.90;norm
2026-05-18 21:44:08.776498;;pmxRKO;ETHUSD;buy;2026-05-19 00:40:32;2026-05-18 22:40:00;1.0;2111.38;2111.77;2113.82;0;0.00;0.33;0.00;norm
2026-05-18 23:26:31.207425;Close OK. order_send(): by;pmxRKO;ETHUSD;buy;2026-05-19 02:16:25;2026-05-19 00:16:00;1.0;2122.78;2121.97;2122.57;2122.57;0.00;-0.70;-0.18;norm
2026-05-23 11:01:57.090520;Close OK. order_send(): by;pmxRKO;ETHUSD;sell;2026-05-23 10:21:32;2026-05-23 08:00:00;1.0;2060.22;2029.33;2029.33;2029.33;0.00;26.62;26.62;norm
2026-05-23 11:21:58.205510;Close OK. order_send(): by;pmxRKO;ETHUSD;sell;2026-05-23 14:16:58;2026-05-23 12:00:00;1.0;2024.72;2028.23;2028.23;2028.23;0.00;-3.03;-3.03;norm
2026-05-23 11:52:20.584871;Close OK. order_send(): by;pmxRKO;ETHUSD;sell;2026-05-23 14:47:19;2026-05-23 12:00:00;1.0;2024.22;2028.53;2028.53;2028.53;0.00;-3.71;-3.71;norm
2026-05-23 12:12:38.638080;Close OK. order_send(): by;pmxRKO;ETHUSD;sell;2026-05-23 14:57:21;2026-05-23 12:00:00;1.0;2024.02;2028.58;2028.58;2028.58;0.00;-3.93;-3.93;norm
2026-05-23 16:41:48.171390;Close OK. order_send(): by;pmxRKO;ETHUSD;sell;2026-05-23 15:43:07;2026-05-23 12:00:00;1.0;2028.77;2049.73;2049.73;2049.73;0.00;-18.07;-18.07;norm
2026-05-23 22:50:49.821404;Close OK. order_send(): by;pmxRKO;ETHUSD;buy;2026-05-24 01:43:39;2026-05-23 20:00:00;1.0;2123.48;2130.92;2131.02;2131.02;0.00;6.41;6.50;norm
2026-05-23 23:14:38.045394;Close OK. order_send(): by;pmxRKO;ETHUSD;sell;2026-05-24 02:02:56;None;1.0;2140.97;2124.88;2125.03;2125.03;0.00;13.87;13.74;
2026-05-23 23:30:10.129531;Close OK. order_send(): by;pmxRKO;ETHUSD;buy;2026-05-24 02:19:44;2026-05-24 00:00:00;1.0;2123.63;2103.87;2102.42;2102.42;0.00;-17.03;-18.28;
2026-05-24 16:13:01.033845;Close OK. order_send(): by;pmxRKO;ETHUSD;sell;2026-05-24 02:30:10;None;1.0;2103.17;2096.43;2096.43;2095.88;0.00;5.81;6.28;
2026-05-25 09:04:38.018805;Close OK. order_send(): by;pmxRKO;ETHUSD;buy;2026-05-24 19:13:01;2026-05-24 17:00:00;1.0;2095.88;2112.92;2112.92;2112.92;0.00;14.64;14.64;
2026-05-25 17:13:30.004121;Close OK. order_send(): by;pmxRKO;ETHUSD;sell;2026-05-25 12:04:38;2026-05-25 10:00:00;1.0;2112.92;2135.28;2135.28;2135.28;0.00;-19.20;-19.20;
2026-05-26 12:42:54.626344;Close OK. order_send(): by;pmxRKO;ETHUSD;buy;2026-05-26 05:51:59;2026-05-26 03:00:00;1.0;2093.28;2132.12;2132.12;2132.12;0.00;33.37;33.37;
2026-05-26 14:07:30.525381;Close OK. order_send(): by;pmxRKO;ETHUSD;sell;2026-05-26 15:42:54;2026-05-26 13:00:00;1.0;2132.07;2114.58;2114.63;2114.63;0.00;15.03;14.99;
2026-05-27 06:18:59.518492;Close OK. order_send(): by;pmxRKO;ETHUSD;buy;2026-05-27 05:33:33;2026-05-27 03:00:00;1.0;2079.13;2059.32;2059.22;2059.22;0.00;-17.02;-17.11;
2026-05-27 06:49:01.556483;Close OK. order_send(): by;pmxRKO;ETHUSD;sell;2026-05-27 09:18:59;2026-05-27 07:00:00;1.0;2059.27;2066.33;2066.33;2066.33;0.00;-6.06;-6.06;
2026-05-27 10:59:30.109541;Close OK. order_send(): by;pmxRKO;ETHUSD;buy;2026-05-27 11:44:15;2026-05-27 09:00:00;1.0;2078.08;2081.07;2081.07;2081.07;0.00;2.57;2.57;
2026-05-27 11:39:34.026549;Close OK. order_send(): by;pmxRKO;ETHUSD;sell;2026-05-27 13:59:30;2026-05-27 11:00:00;1.0;2081.07;2086.68;2086.68;2086.53;0.00;-4.82;-4.69;
2026-05-27 14:10:44.589050;Close OK. order_send(): by;pmxRKO;ETHUSD;sell;2026-05-27 14:49:34;2026-05-27 12:00:00;1.0;2080.67;2073.08;2073.08;2073.08;0.00;6.52;6.52;
2026-05-27 14:24:51.045329;Close OK. order_send(): by;pmxRKO;ETHUSD;buy;2026-05-27 17:10:44;2026-05-27 15:00:00;1.0;2073.03;2081.17;2081.17;2081.17;0.00;6.99;6.99;
2026-05-27 15:08:53.056215;Close OK. order_send(): by;pmxRKO;ETHUSD;sell;2026-05-27 17:24:51;2026-05-27 15:00:00;1.0;2081.17;2071.88;2071.88;2071.93;0.00;7.98;7.94;
2026-05-27 15:40:00.098337;Close OK. order_send(): by;pmxRKO;ETHUSD;buy;2026-05-27 18:09:56;2026-05-27 16:00:00;1.0;2072.68;2055.57;2055.67;2055.72;0.00;-14.70;-14.57;
2026-05-27 15:42:32.300160;Close OK. order_send(): by;pmxRKO;ETHUSD;sell;2026-05-27 18:40:00;2026-05-27 16:00:00;1.0;2055.72;2052.23;2052.03;2052.03;0.00;3.00;3.17;
2026-05-27 17:21:12.110228;Close OK. order_send(): by;pmxRKO;ETHUSD;buy;2026-05-27 18:42:40;2026-05-27 16:00:00;1.0;2053.73;2070.07;2070.07;2070.07;0.00;14.05;14.05;
2026-05-27 19:14:11.538275;Close OK. order_send(): by;pmxRKO;ETHUSD;sell;2026-05-27 20:21:12;2026-05-27 18:00:00;1.0;2070.07;2052.58;2052.58;2052.58;0.00;15.05;15.05;
2026-05-27 23:41:01.259132;Close OK. order_send(): by;pmxRKO;ETHUSD;buy;2026-05-27 22:14:11;2026-05-27 20:00:00;1.0;2052.63;2024.67;2024.52;2033.17;0.00;-24.78;-16.73;
2026-05-27 23:41:17.710648;Close OK. order_send(): by;pmxRKO;ETHUSD;sell;2026-05-28 02:41:01;2026-05-28 00:00:00;1.0;2031.97;2035.23;2035.23;2035.88;0.00;-2.80;-3.36;
2026-05-28 00:11:10.038558;Close OK. order_send(): by;pmxRKO;ETHUSD;buy;2026-05-28 02:47:15;2026-05-28 00:00:00;1.0;2018.78;2020.02;2020.02;2020.12;0.00;1.07;1.15;
2026-05-28 00:36:13.555395;Close OK. order_send(): by;pmxRKO;ETHUSD;sell;2026-05-28 03:11:10;2026-05-28 01:00:00;1.0;2020.12;2027.73;2027.73;2027.73;0.00;-6.54;-6.54;
2026-05-28 01:17:16.128634;Close OK. order_send(): by;pmxRKO;ETHUSD;sell;2026-05-28 03:56:16;None;1.0;2021.87;2028.28;2028.28;2028.28;0.00;-5.51;-5.51;
2026-05-28 05:18:13.025169;Close OK. order_send(): by;pmxRKO;ETHUSD;buy;2026-05-28 08:11:53;2026-05-28 06:00:00;1.0;2011.03;1965.62;1965.62;1965.62;0.00;-39.13;-39.13;
2026-05-28 06:02:48.057216;Close OK. order_send(): by;pmxRKO;ETHUSD;buy;2026-05-28 08:22:42;2026-05-28 06:00:00;1.0;1992.73;1971.82;1972.17;1972.27;0.00;-18.04;-17.66;
2026-05-28 09:23:31.050542;Close OK. order_send(): by;pmxRKO;ETHUSD;buy;2026-05-28 09:02:51;None;1.0;1969.83;1987.12;1987.12;1987.12;0.00;14.89;14.89;
2026-05-28 16:05:37.529700;Close OK. order_send(): by;pmxRKO;ETHUSD;sell;2026-05-28 12:28:31;2026-05-28 10:00:00;1.0;1984.72;1969.43;1969.43;1969.43;0.00;13.15;13.15;
2026-05-28 16:14:22.539207;Close OK. order_send(): by;pmxRKO;ETHUSD;buy;2026-05-28 19:05:37;2026-05-28 17:00:00;1.0;1969.23;1987.22;1987.37;1987.37;0.00;15.45;15.57;
2026-05-28 18:24:42.582088;Close OK. order_send(): by;pmxRKO;ETHUSD;sell;2026-05-28 19:39:34;2026-05-28 17:00:00;1.0;1982.57;2002.38;2002.38;2002.08;0.00;-16.99;-16.73;
2026-05-29 15:32:15.576953;Close OK. order_send(): by;pmxRKO;ETHUSD;sell;2026-05-29 03:35:32;2026-05-29 01:00:00;1.0;2003.77;1988.58;1988.58;1989.13;0.00;13.04;12.57;
2026-05-29 17:10:20.441617;;pmxRKO;ETHUSD;buy;2026-05-29 18:32:15;2026-05-29 16:00:00;1.0;1989.48;2008.02;2008.02;0;0.00;15.88;0.00;
2026-05-29 17:35:03.491900;;pmxRKO;ETHUSD;sell;2026-05-29 20:23:18;2026-05-29 18:00:00;1.0;2012.37;2032.58;2032.53;0;0.00;-17.30;0.00;
2026-05-29 20:52:21.544745;Close OK. order_send(): by;pmxRKO;ETHUSD;buy;2026-05-29 20:45:24;2026-05-29 18:00:00;1.0;2029.38;2002.22;2002.22;2003.97;0.00;-23.28;-21.78;
2026-05-31 16:14:54.863856;Close OK. order_send(): by;pmxRKO;ETHUSD;sell;2026-05-31 06:58:08;None;1.0;2025.82;2016.03;2016.03;2015.28;0.00;8.39;9.04;
2026-06-02 20:53:21.902754;Close OK. order_send(): by;pmxRKO;ETHUSD;sell;2026-06-02 23:22:48;2026-06-02 20:00:00;1.0;1913.12;1902.53;1902.48;1902.23;0.00;9.11;9.37;
2026-06-02 21:47:36.891177;Close OK. order_send(): by;pmxRKO;ETHUSD;buy;2026-06-02 23:57:49;2026-06-02 20:00:00;1.0;1910.38;1901.27;1901.37;1901.42;0.00;-7.83;-7.70;
2026-06-02 22:53:06.119616;Close OK. order_send(): by;pmxRKO;ETHUSD;sell;2026-06-03 01:28:06;2026-06-02 20:00:00;1.0;1893.42;1907.13;1907.13;1907.33;0.00;-11.79;-11.96;
2026-06-03 00:16:11.470673;Close OK. order_send(): by;pmxRKO;ETHUSD;sell;2026-06-03 03:03:07;2026-06-03 00:00:00;1.0;1892.17;1884.48;1885.28;1885.28;0.00;6.61;5.93;
2026-06-03 00:45:46.889316;Close OK. order_send(): by;pmxRKO;ETHUSD;sell;2026-06-03 03:33:57;2026-06-03 00:00:00;1.0;1894.12;1885.43;1886.33;1886.33;0.00;7.47;6.70;
2026-06-03 01:24:11.751394;Close OK. order_send(): by;pmxRKO;ETHUSD;buy;2026-06-03 03:53:59;2026-06-03 00:00:00;1.0;1871.63;1850.07;1850.67;1850.82;0.00;-18.55;-17.90;
2026-06-03 02:10:47.357733;Close OK. order_send(): by;pmxRKO;ETHUSD;buy;2026-06-03 04:25:42;2026-06-03 00:00:00;1.0;1846.38;1863.07;1863.17;1862.82;0.00;14.36;14.15;
2026-06-03 05:09:52.881447;Close OK. order_send(): by;pmxRKO;ETHUSD;sell;2026-06-03 06:09:16;2026-06-03 04:00:00;1.0;1858.07;1847.23;1847.18;1847.13;0.00;9.32;9.41;
2026-06-03 05:39:30.907773;Close OK. order_send(): by;pmxRKO;ETHUSD;buy;2026-06-03 08:09:52;2026-06-03 04:00:00;1.0;1847.23;1826.32;1826.07;1826.07;0.00;-17.98;-18.20;
2026-06-03 06:09:33.882269;Close OK. order_send(): by;pmxRKO;ETHUSD;buy;2026-06-03 08:54:31;2026-06-03 04:00:00;1.0;1831.58;1837.17;1837.17;1837.22;0.00;4.81;4.85;
2026-06-03 07:34:44.884168;Close OK. order_send(): by;pmxRKO;ETHUSD;buy;2026-06-03 10:05:06;2026-06-03 08:00:00;1.0;1862.08;1858.72;1858.72;1858.72;0.00;-2.89;-2.89;
2026-06-04 00:21:39.315663;Close OK. order_send(): by;pmxRKO;ETHUSD;sell;2026-06-04 03:16:32;2026-06-04 00:00:00;1.0;1828.82;1826.08;1826.33;1826.58;0.00;2.36;1.93;
2026-06-04 03:35:25.303138;Close OK. order_send(): by;pmxRKO;ETHUSD;buy;2026-06-04 06:24:52;2026-06-04 04:00:00;1.0;1770.48;1784.97;1784.77;1784.77;0.00;12.48;12.31;
2026-06-04 03:50:24.357904;Close OK. order_send(): by;pmxRKO;ETHUSD;sell;2026-06-04 06:39:54;2026-06-04 04:00:00;1.0;1776.27;1769.08;1769.13;1769.13;0.00;6.19;6.15;
2026-06-04 07:10:57.224291;Close OK. order_send(): by;pmxRKO;ETHUSD;sell;2026-06-04 10:10:22;2026-06-04 08:00:00;1.0;1786.12;1787.03;1787.03;1786.98;0.00;-0.78;-0.74;
2026-06-04 09:20:43.978490;Close OK. order_send(): by;pmxRKO;ETHUSD;buy;2026-06-04 11:21:29;2026-06-04 08:00:00;1.0;1798.68;1772.37;1772.37;1770.87;0.00;-22.66;-23.96;
2026-06-04 11:26:05.305041;Close OK. order_send(): by;pmxRKO;ETHUSD;buy;2026-06-04 13:13:48;2026-06-04 08:00:00;1.0;1767.88;1748.77;1748.77;1747.32;0.00;-16.45;-17.69;
2026-06-04 12:52:04.303998;Close OK. order_send(): by;pmxRKO;ETHUSD;buy;2026-06-04 14:35:58;None;1.0;1752.13;1735.27;1735.42;1734.22;0.00;-14.50;-15.40;
2026-06-04 13:25:02.486194;Close OK. order_send(): by;pmxRKO;ETHUSD;buy;2026-06-04 16:01:55;2026-06-04 12:00:00;1.0;1736.28;1745.82;1745.87;1745.67;0.00;8.19;8.07;
2026-06-04 14:32:33.711686;Close OK. order_send(): by;pmxRKO;ETHUSD;sell;2026-06-04 16:41:39;2026-06-04 12:00:00;1.0;1739.37;1769.53;1769.53;1775.08;0.00;-25.91;-30.68;
2026-06-05 09:42:03.315856;Close OK. order_send(): by;pmxRKO;ETHUSD;sell;2026-06-05 11:28:05;2026-06-05 08:00:00;1.0;1648.57;1671.23;1671.23;1671.38;0.00;-19.48;-19.61;
2026-06-05 23:07:59.717584;Close OK. order_send(): by;pmxRKO;ETHUSD;sell;2026-06-05 21:39:56;2026-06-05 16:00:00;1.0;1585.87;1614.58;1614.33;1614.23;0.00;-26.65;-24.61;norm
2026-06-08 00:14:20.938727;Close OK. order_send(): by;pmxRKO;ETHUSD;buy;2026-06-07 06:31:15;None;1.0;1593.23;1667.52;1667.87;1666.97;0.00;64.51;64.03;sltp
2026-06-08 00:14:57.260635;Close OK. order_send(): by;pmxRKO;ETHUSD;buy;2026-06-07 06:31:15;None;1.0;1593.23;1692.52;1691.22;1692.62;0.00;86.21;86.30;sltp
2026-06-08 01:54:49.903644;Close OK. order_send(): by;pmxRKO;ETHUSD;buy;2026-06-08 03:15:15;None;1.0;1712.58;1680.62;1680.47;1680.47;0.00;-27.74;-27.87;norm
2026-06-08 03:14:57.909119;Close OK. order_send(): by;pmxRKO;ETHUSD;buy;2026-06-08 06:07:43;2026-06-08 04:00:00;1.0;1691.68;1681.37;1681.42;1681.42;0.00;-8.94;-8.90;norm
2026-06-08 05:20:15.907122;Close OK. order_send(): by;pmxRKO;ETHUSD;buy;2026-06-08 08:10:13;2026-06-08 04:00:00;1.0;1688.18;1681.72;1681.72;1681.77;0.00;-5.60;-5.56;norm
2026-06-08 14:05:00.949558;Close OK. order_send(): by;pmxRKO;ETHUSD;buy;2026-06-08 16:26:53;2026-06-08 12:00:00;1.0;1691.98;1667.67;1668.27;1668.27;0.00;-21.06;-20.54;norm
2026-06-09 01:07:20.496146;Close OK. order_send(): by;pmxRKO;ETHUSD;buy;2026-06-09 02:09:26;2026-06-09 00:00:00;1.0;1710.98;1706.62;1706.62;1706.67;0.00;-3.78;-3.74;norm
2026-06-15 15:16:40.896349;Close OK. order_send(): by;pmxRKO;ETHUSD;buy;2026-06-15 13:03:40;2026-06-15 08:00:00;1.0;1720.58;1805.52;1804.12;1804.12;0.00;73.12;71.91;sltp
2026-06-15 17:51:11.822095;Close OK. order_send(): by;pmxRKO;ETHUSD;buy;2026-06-15 20:44:26;2026-06-15 16:00:00;1.0;1830.48;1843.07;1843.07;1843.07;0.00;10.86;10.86;norm
2026-06-15 21:44:52.823797;Close OK. order_send(): by;pmxRKO;ETHUSD;buy;2026-06-16 00:34:51;2026-06-15 20:00:00;1.0;1825.18;1827.17;1827.22;1827.22;0.00;1.72;1.76;norm
2026-06-15 22:44:56.476625;Close OK. order_send(): by;pmxRKO;ETHUSD;buy;2026-06-16 00:49:53;2026-06-15 20:00:00;1.0;1825.33;1817.32;1817.27;1817.27;0.00;-6.91;-6.95;norm
2026-06-16 00:30:08.341272;Close OK. order_send(): by;pmxRKO;ETHUSD;buy;2026-06-16 02:10:00;2026-06-16 00:00:00;1.0;1818.58;1789.52;1789.37;1789.42;0.00;-25.08;-25.17;norm
2026-06-16 02:57:49.441367;Close OK. order_send(): by;pmxRKO;ETHUSD;buy;2026-06-16 05:10:18;2026-06-16 00:00:00;1.0;1799.08;1788.07;1788.17;1787.47;0.00;-9.50;-10.02;norm
2026-06-16 03:02:06.910880;Close OK. order_send(): by;pmxRKO;ETHUSD;buy;2026-06-16 05:28:09;2026-06-16 00:00:00;1.0;1794.88;1789.37;1789.42;1789.37;0.00;-4.75;-4.75;norm
2026-06-17 10:31:26.358219;Close OK. order_send(): by;pmxRKO;ETHUSD;sell;2026-06-16 20:48:43;None;1.0;1773.52;1767.83;1767.83;1767.58;0.00;4.25;5.12;norm
2026-06-17 17:22:46.915805;Close OK. order_send(): by;pmxRKO;ETHUSD;sell;2026-06-17 18:37:47;2026-06-17 16:00:00;1.0;1766.77;1760.53;1760.58;1760.58;0.00;5.38;5.34;norm
2026-06-17 18:17:53.852928;Close OK. order_send(): by;pmxRKO;ETHUSD;sell;2026-06-17 20:38:35;2026-06-17 16:00:00;1.0;1765.72;1777.58;1777.53;1777.53;0.00;-10.23;-10.19;norm
2026-06-17 19:23:00.965950;Close OK. order_send(): by;pmxRKO;ETHUSD;sell;2026-06-17 22:02:58;2026-06-17 20:00:00;1.0;1770.12;1775.83;1776.13;1776.18;0.00;-4.93;-5.23;norm
2026-06-17 20:08:04.903818;Close OK. order_send(): by;pmxRKO;ETHUSD;sell;2026-06-17 22:48:02;2026-06-17 20:00:00;1.0;1771.57;1764.68;1764.73;1764.73;0.00;5.97;5.92;norm
2026-06-17 21:23:15.332156;Close OK. order_send(): by;pmxRKO;ETHUSD;sell;2026-06-17 23:10:31;2026-06-17 20:00:00;1.0;1763.67;1755.88;1755.58;1755.93;0.00;6.77;6.73;norm
2026-06-17 21:58:18.365179;Close OK. order_send(): by;pmxRKO;ETHUSD;sell;2026-06-18 00:28:16;2026-06-17 20:00:00;1.0;1749.47;1735.43;1735.33;1735.28;0.00;12.21;12.35;norm
2026-06-18 00:08:31.465682;Close OK. order_send(): by;pmxRKO;ETHUSD;sell;2026-06-18 03:03:31;2026-06-18 00:00:00;1.0;1723.42;1736.73;1736.28;1735.83;0.00;-11.57;-10.79;norm
2026-06-18 03:08:55.424209;Close OK. order_send(): by;pmxRKO;ETHUSD;sell;2026-06-18 04:19:23;2026-06-18 00:00:00;1.0;1745.97;1760.43;1760.33;1760.18;0.00;-12.55;-12.34;norm
2026-06-18 06:54:32.437391;Close OK. order_send(): by;pmxRKO;ETHUSD;sell;2026-06-18 06:18:56;2026-06-18 04:00:00;1.0;1755.37;1733.58;1733.48;1733.73;0.00;18.91;18.78;norm
2026-06-18 07:04:32.340079;Close OK. order_send(): by;pmxRKO;ETHUSD;sell;2026-06-18 09:59:32;2026-06-18 04:00:00;1.0;1728.77;1724.88;1724.68;1724.68;0.00;3.38;3.55;norm
2026-06-18 15:47:49.998020;Close OK. order_send(): by;pmxRKO;ETHUSD;sell;2026-06-18 13:05:00;2026-06-18 08:00:00;1.0;1743.52;1729.48;1729.48;1729.48;0.00;12.23;12.23;norm
2026-06-18 21:28:58.940653;Close OK. order_send(): by;pmxRKO;ETHUSD;sell;2026-06-19 00:23:57;2026-06-18 20:00:00;1.0;1686.32;1690.18;1690.18;1690.28;0.00;-3.37;-3.46;norm
2026-06-19 01:34:25.584239;Close OK. order_send(): by;pmxRKO;ETHUSD;sell;2026-06-19 03:34:17;2026-06-19 00:00:00;1.0;1697.17;1709.73;1709.73;1709.73;0.00;-10.96;-10.96;norm
2026-06-19 05:15:14.354487;Close OK. order_send(): by;pmxRKO;ETHUSD;sell;2026-06-19 08:14:51;2026-06-19 04:00:00;1.0;1692.87;1690.38;1688.43;1688.18;0.00;2.17;4.10;norm
2026-06-22 02:01:51.679450;Close OK. order_send(): by;pmxRKO;ETHUSD;sell;2026-06-22 04:31:50;2026-06-22 02:00:00;0.5;1705.07;1710.23;1710.28;1710.33;0.00;-2.25;-2.29;norm
2026-06-22 16:09:00.619450;Close OK. order_send(): by;pmxRKO;ETHUSD;buy;2026-06-22 18:38:57;2026-06-22 16:00:00;0.5;1775.13;1766.17;1766.07;1766.07;0.00;-3.92;-3.96;norm
2026-06-22 20:04:18.905302;Close OK. order_send(): by;pmxRKO;ETHUSD;sell;2026-06-22 22:09:11;2026-06-22 20:00:00;0.5;1737.97;1744.28;1744.18;1744.23;0.00;-2.76;-2.74;norm
2026-06-22 21:16:34.178728;Close OK. order_send(): by;pmxRKO;ETHUSD;sell;2026-06-22 23:56:33;2026-06-22 21:00:00;0.5;1729.47;1733.98;1733.83;1733.83;0.00;-1.98;-1.91;norm
2026-06-23 07:55:03.474660;Close OK. order_send(): by;pmxRKO;ETHUSD;sell;2026-06-23 00:36:36;None;0.5;1730.82;1712.63;1712.28;1712.28;0.00;7.65;8.12;norm
2026-06-23 08:25:06.205720;Close OK. order_send(): by;pmxRKO;ETHUSD;sell;2026-06-23 11:00:02;2026-06-23 09:00:00;0.5;1710.22;1686.88;1685.93;1686.13;0.00;10.21;10.54;norm
2026-06-23 12:05:32.446865;Close OK. order_send(): by;pmxRKO;ETHUSD;sell;2026-06-23 11:40:07;2026-06-23 09:00:00;0.5;1687.32;1656.28;1656.23;1656.08;0.00;13.60;13.69;norm
2026-06-23 18:10:13.090100;Close OK. order_send(): by;pmxRKO;ETHUSD;buy;2026-06-23 18:56:03;None;0.5;1659.18;1667.27;1668.27;1668.47;0.00;3.56;4.09;norm
2026-06-23 21:04:24.236788;Close OK. order_send(): by;pmxRKO;ETHUSD;sell;2026-06-23 23:04:19;2026-06-23 21:00:00;0.5;1655.67;1657.78;1657.48;1657.68;0.00;-0.93;-0.89;norm
2026-06-24 00:24:43.154482;Close OK. order_send(): by;pmxRKO;ETHUSD;buy;2026-06-24 03:04:40;2026-06-24 01:00:00;0.5;1667.73;1661.97;1661.82;1661.77;0.00;-2.53;-2.62;norm
2026-06-24 17:23:35.714820;Close OK. order_send(): by;pmxRKO;ETHUSD;sell;2026-06-24 20:03:33;2026-06-24 18:00:00;0.5;1638.42;1646.78;1647.03;1646.93;0.00;-3.68;-3.75;norm
2026-06-24 22:01:51.508720;Close OK. order_send(): by;pmxRKO;ETHUSD;sell;2026-06-24 23:20:09;2026-06-24 21:00:00;0.5;1571.12;1596.28;1596.23;1596.13;0.00;-11.08;-11.02;norm
2026-06-25 17:21:44.533990;Close OK. order_send(): by;pmxRKO;ETHUSD;sell;2026-06-25 19:02:13;2026-06-25 17:00:00;1.5;1552.97;1560.03;1559.98;1560.98;0.00;-9.30;-10.56;norm
2026-06-25 22:51:48.201706;Close OK. order_send(): by;pmxRKO;ETHUSD;sell;2026-06-26 00:01:35;2026-06-25 22:00:00;1.5;1561.92;1557.58;1557.58;1557.63;0.00;5.72;5.66;norm
2026-06-26 04:27:33.019783;Close OK. order_send(): by;pmxRKO;ETHUSD;sell;2026-06-26 07:22:32;2026-06-26 05:00:00;1.5;1522.77;1531.53;1531.88;1531.93;0.00;-11.57;-12.10;norm
2026-06-26 05:07:38.867013;Close OK. order_send(): by;pmxRKO;ETHUSD;sell;2026-06-26 07:52:37;2026-06-26 05:00:00;1.5;1524.32;1521.18;1521.38;1521.23;0.00;4.15;4.08;norm
2026-06-26 05:52:43.473587;Close OK. order_send(): by;pmxRKO;ETHUSD;sell;2026-06-26 08:32:30;2026-06-26 06:00:00;1.5;1532.07;1552.53;1552.73;1553.08;0.00;-27.00;-27.73;norm
2026-06-26 10:08:10.462122;Close OK. order_send(): by;pmxRKO;ETHUSD;buy;2026-06-26 12:03:01;2026-06-26 10:00:00;1.5;1571.33;1568.57;1568.12;1568.52;0.00;-3.64;-3.71;norm
2026-06-26 14:33:40.045151;Close OK. order_send(): by;pmxRKO;ETHUSD;sell;2026-06-26 17:03:35;2026-06-26 15:00:00;1.5;1540.97;1552.58;1552.78;1552.83;0.00;-15.28;-15.60;norm
2026-06-26 15:38:48.926257;Close OK. order_send(): by;pmxRKO;ETHUSD;sell;2026-06-26 17:38:39;2026-06-26 15:00:00;1.5;1541.42;1541.03;1541.03;1540.88;0.00;0.52;0.71;norm
2026-06-26 19:39:19.135972;Close OK. order_send(): by;pmxRKO;ETHUSD;buy;2026-06-26 20:39:06;2026-06-26 18:00:00;1.5;1584.93;1577.42;1577.17;1577.17;0.00;-9.90;-10.22;norm
2026-06-26 19:49:19.866368;Close OK. order_send(): by;pmxRKO;ETHUSD;buy;2026-06-26 22:44:19;2026-06-26 20:00:00;1.5;1583.38;1580.22;1580.17;1580.22;0.00;-4.16;-4.16;norm
2026-06-27 10:12:54.837645;Close OK. order_send(): by;pmxRKO;ETHUSD;buy;2026-06-27 05:01:58;2026-06-27 03:00:00;1.5;1577.93;1580.12;1580.12;1580.07;0.00;2.89;2.82;norm
2026-06-28 18:35:45.905606;Close OK. order_send(): by;pmxRKO;ETHUSD;buy;2026-06-28 16:00:05;2026-06-28 14:00:00;1.5;1576.83;1565.82;1566.07;1566.37;0.00;-14.51;-13.78;norm
2026-06-28 22:01:06.906828;Close OK. order_send(): by;pmxRKO;ETHUSD;sell;2026-06-29 00:47:45;2026-06-28 22:00:00;1.5;1555.32;1564.83;1564.88;1564.63;0.00;-12.53;-12.27;norm
2026-06-29 11:00:16.413707;Close OK. order_send(): by;pmxRKO;ETHUSD;buy;2026-06-29 08:04:26;2026-06-29 06:00:00;1.5;1578.88;1569.22;1569.17;1569.17;0.00;-12.72;-12.79;norm
2026-06-30 14:59:26.370046;Close OK. order_send(): by;pmxRKO;ETHUSD;sell;2026-06-30 17:03:18;2026-06-30 15:00:00;1.5;1571.12;1554.33;1554.43;1554.48;0.00;22.10;21.90;norm
2026-07-01 03:18:45.365845;Close OK. order_send(): by;pmxRKO;ETHUSD;sell;2026-07-01 05:23:39;2026-07-01 03:00:00;1.5;1565.62;1563.78;1563.83;1563.88;0.00;2.42;2.29;norm
2026-07-01 08:04:22.357678;Close OK. order_send(): by;pmxRKO;ETHUSD;buy;2026-07-01 08:37:11;2026-07-01 06:00:00;1.5;1595.53;1585.82;1585.77;1585.72;0.00;-12.77;-12.90;norm
2026-07-01 16:04:27.555825;Close OK. order_send(): by;pmxRKO;ETHUSD;sell;2026-07-01 17:35:24;None;1.5;1563.42;1594.58;1594.63;1594.43;0.00;-41.02;-40.83;norm
2026-07-02 07:49:46.261212;Close OK. order_send(): by;pmxRKO;ETHUSD;buy;2026-07-02 10:04:42;2026-07-02 08:00:00;1.5;1629.73;1622.22;1622.17;1622.12;0.00;-9.90;-10.03;norm
2026-07-02 09:19:56.735985;Close OK. order_send(): by;pmxRKO;ETHUSD;buy;2026-07-02 11:24:47;2026-07-02 09:00:00;1.5;1625.68;1612.52;1612.67;1612.72;0.00;-17.32;-17.06;norm
2026-07-02 18:31:01.141714;Close OK. order_send(): by;pmxRKO;ETHUSD;buy;2026-07-02 19:25:47;2026-07-02 17:00:00;1.5;1704.33;1686.92;1686.97;1686.97;0.00;-22.84;-22.77;norm
2026-07-03 11:38:24.115020;Close OK. order_send(): by;pmxRKO;ETHUSD;buy;2026-07-03 14:08:20;2026-07-03 12:00:00;1.5;1726.83;1718.07;1718.17;1718.17;0.00;-11.48;-11.35;norm
2026-07-03 16:04:05.194865;Close OK. order_send(): by;pmxRKO;ETHUSD;buy;2026-07-03 18:03:56;2026-07-03 16:00:00;1.5;1737.13;1740.27;1740.22;1740.57;0.00;4.12;4.51;norm
2026-07-04 14:02:14.795657;Close OK. order_send(): by;pmxRKO;ETHUSD;buy;2026-07-04 12:51:45;2026-07-04 10:00:00;1.5;1759.43;1756.92;1756.97;1756.97;0.00;-3.30;-3.23;norm
2026-07-04 15:47:25.957483;Close OK. order_send(): by;pmxRKO;ETHUSD;buy;2026-07-04 18:27:23;2026-07-04 16:00:00;1.5;1767.53;1759.92;1759.87;1759.97;0.00;-9.99;-9.92;norm
2026-07-04 17:12:38.466434;Close OK. order_send(): by;pmxRKO;ETHUSD;buy;2026-07-04 19:02:27;2026-07-04 17:00:00;1.5;1767.38;1782.62;1782.47;1782.57;0.00;19.99;19.93;norm
2026-07-04 20:23:03.521059;Close OK. order_send(): by;pmxRKO;ETHUSD;buy;2026-07-04 22:52:58;2026-07-04 20:00:00;1.5;1806.03;1795.37;1795.72;1795.62;0.00;-13.98;-13.66;norm
2026-07-06 15:19:45.870017;Close OK. order_send(): by;pmxRKO;ETHUSD;sell;2026-07-06 18:09:44;2026-07-06 16:00:00;1.5;1734.52;1734.98;1735.13;1735.13;0.00;-0.60;-0.81;norm
2026-07-13 10:02:06.572699;Close OK. order_send(): by;pmxRKO;ETHUSD;buy;2026-07-13 08:34:17;None;1.5;1777.88;1786.72;1786.82;1786.57;0.00;11.60;11.41;
2026-07-23 17:24:28.054091;Close OK. order_send(): by;pmxRKO;ETHUSD;buy;2026-07-23 17:36:48;None;3.0;1908.83;1891.47;1891.37;1891.32;0.00;-45.80;-46.20;sens
2026-07-29 19:44:22.038632;Close OK. order_send(): by;pmxRKO;ETHUSD;buy;2026-07-29 09:06:36;None;10.0;1885.53;1897.22;1897.17;1897.42;0.00;102.58;104.34;norm
2026-07-29 20:44:24.949748;Close OK. order_send(): by;pmxRKO;ETHUSD;buy;2026-07-29 22:54:19;2026-07-29 20:00:00;10.0;1909.83;1917.37;1917.37;1917.37;0.00;65.95;65.95;norm
2026-08-01 14:08:02.540055;Close OK. order_send(): by;pmxRKO;ETHUSD;buy;2026-07-31 18:53:47;None;12.5;1865.58;1865.42;1865.42;1865.67;0.00;-26.93;0.98;norm
2026-08-02 04:21:24.243948;Close OK. order_send(): by;pmxRKO;ETHUSD;buy;2026-08-01 23:30:45;2026-08-01 21:00:00;12.5;1846.23;1877.82;1877.82;1877.82;0.00;342.50;342.50;norm
2026-08-03 15:58:19.241411;Close OK. order_send(): by;pmxRKO;ETHUSD;buy;2026-08-03 12:15:04;2026-08-03 10:00:00;12.5;1844.23;1852.92;1852.92;1853.17;0.00;94.26;96.96;norm
2026-08-19 04:53:11.560659;Close OK. order_send(): by;pmxRKO;ETHUSD;sell;2026-08-18 17:01:28;2026-08-18 15:00:00;20.0;1899.08;1907.67;1907.67;1907.67;0.00;-162.11;-148.33;norm
2026-08-21 11:59:39.002190;Close OK. order_send(): by;pmxRKO;ETHUSD;sell;2026-08-21 14:53:46;2026-08-21 12:00:00;1.0;2406.64;2404.96;2404.96;2404.81;0.00;1.44;1.56;sens
2026-08-21 12:00:59.101439;Close OK. order_send(): by;pmxRKO;ETHUSD;buy;2026-08-21 14:59:39;2026-08-21 12:00:00;1.0;2405.11;2397.44;2397.44;2397.54;0.00;-6.56;-6.47;sens
2026-08-21 12:10:32.554088;Close OK. order_send(): by;pmxRKO;ETHUSD;sell;2026-08-21 15:04:51;2026-08-21 13:00:00;1.0;2392.94;2403.76;2403.76;2402.76;0.00;-9.25;-8.39;sens
2026-08-21 12:12:32.552351;Close OK. order_send(): by;pmxRKO;ETHUSD;buy;2026-08-21 15:10:32;None;1.0;2402.66;2402.04;2402.04;2402.04;0.00;-0.53;-0.53;sens
2026-08-21 12:21:11.060083;Close OK. order_send(): by;pmxRKO;ETHUSD;buy;2026-08-21 15:20:11;2026-08-21 13:00:00;1.0;2411.11;2404.44;2404.44;2404.64;0.00;-5.70;-5.53;sens
2026-08-21 12:27:31.508402;Close OK. order_send(): by;pmxRKO;ETHUSD;sell;2026-08-21 15:27:09;2026-08-21 13:00:00;1.0;2391.54;2394.21;2394.21;2394.56;0.00;-2.28;-2.58;sens
2026-08-21 12:29:19.104846;Close OK. order_send(): by;pmxRKO;ETHUSD;buy;2026-08-21 15:27:42;2026-08-21 13:00:00;1.0;2394.71;2395.79;2395.79;2395.64;0.00;0.92;0.79;sens
2026-08-21 12:38:13.043357;Close OK. order_send(): by;pmxRKO;ETHUSD;sell;2026-08-21 15:32:31;None;1.0;2394.04;2399.71;2399.71;2399.71;0.00;-4.84;-4.84;sens
2026-08-21 12:54:21.592072;Close OK. order_send(): by;pmxRKO;ETHUSD;sell;2026-08-21 15:50:28;2026-08-21 13:00:00;1.0;2395.84;2397.21;2397.21;2397.21;0.00;-1.17;-1.17;sens
2026-08-21 19:16:58.345162;Close OK. order_send(): by;pmxRKO;ETHUSD;buy;2026-08-21 22:07:39;2026-08-21 20:00:00;1.0;2415.46;2408.04;2408.04;2407.89;0.00;-6.35;-6.48;sens
2026-08-21 19:28:18.818019;Close OK. order_send(): by;pmxRKO;ETHUSD;sell;2026-08-21 22:16:58;2026-08-21 20:00:00;1.0;2407.89;2415.66;2415.66;2415.66;0.00;-6.65;-6.65;sens
2026-08-21 19:46:05.390917;Close OK. order_send(): by;pmxRKO;ETHUSD;buy;2026-08-21 22:28:18;2026-08-21 20:00:00;1.0;2415.66;2415.79;2415.79;2415.89;0.00;0.11;0.20;sens
2026-08-21 20:44:12.889713;Close OK. order_send(): by;pmxRKO;ETHUSD;sell;2026-08-21 22:46:05;2026-08-21 20:00:00;1.0;2414.39;2412.41;2412.41;2412.41;0.00;1.69;1.69;sens
2026-08-21 20:49:51.070431;Close OK. order_send(): by;pmxRKO;ETHUSD;buy;2026-08-21 23:44:13;2026-08-21 21:00:00;1.0;2412.41;2395.69;2395.69;2395.14;0.00;-14.31;-14.78;sens
2026-08-21 20:56:19.217353;Close OK. order_send(): by;pmxRKO;ETHUSD;sell;2026-08-21 23:49:51;2026-08-21 21:00:00;1.0;2395.14;2412.26;2412.26;2412.41;0.00;-14.66;-14.78;sens
2026-08-21 21:04:26.857410;Close OK. order_send(): by;pmxRKO;ETHUSD;buy;2026-08-21 23:56:19;2026-08-21 21:00:00;1.0;2412.41;2406.34;2406.34;2406.39;0.00;-5.20;-5.15;sens
2026-08-21 21:11:36.575825;Close OK. order_send(): by;pmxRKO;ETHUSD;sell;2026-08-22 00:04:26;2026-08-21 22:00:00;1.0;2406.39;2414.41;2414.41;2414.41;0.00;-6.87;-6.87;sens
2026-08-21 21:17:44.179397;Close OK. order_send(): by;pmxRKO;ETHUSD;buy;2026-08-22 00:11:36;2026-08-21 22:00:00;1.0;2414.41;2407.14;2407.14;2407.14;0.00;-6.22;-6.22;sens
2026-08-21 21:25:34.697260;Close OK. order_send(): by;pmxRKO;ETHUSD;sell;2026-08-22 00:17:44;2026-08-21 22:00:00;1.0;2407.14;2417.26;2417.26;2417.26;0.00;-8.66;-8.66;sens
2026-08-21 21:34:37.413248;Close OK. order_send(): by;pmxRKO;ETHUSD;buy;2026-08-22 00:25:34;2026-08-21 22:00:00;1.0;2417.26;2414.54;2414.54;2414.54;0.00;-2.33;-2.33;sens
2026-08-21 21:41:22.958007;Close OK. order_send(): by;pmxRKO;ETHUSD;sell;2026-08-22 00:34:37;2026-08-21 22:00:00;1.0;2414.54;2418.71;2418.71;2418.71;0.00;-3.57;-3.57;sens
2026-08-21 21:47:10.543024;Close OK. order_send(): by;pmxRKO;ETHUSD;buy;2026-08-22 00:41:23;2026-08-21 22:00:00;1.0;2418.41;2413.59;2413.59;2413.59;0.00;-4.13;-4.13;sens
2026-08-21 21:52:01.257611;Close OK. order_send(): by;pmxRKO;ETHUSD;sell;2026-08-22 00:47:10;2026-08-21 22:00:00;1.0;2413.64;2418.06;2418.06;2418.06;0.00;-3.78;-3.78;sens
2026-08-21 21:53:40.817378;Close OK. order_send(): by;pmxRKO;ETHUSD;buy;2026-08-22 00:52:01;2026-08-21 22:00:00;1.0;2418.06;2413.34;2413.34;2413.34;0.00;-4.04;-4.04;sens
2026-08-21 22:05:16.531624;Close OK. order_send(): by;pmxRKO;ETHUSD;sell;2026-08-22 00:53:40;2026-08-21 22:00:00;1.0;2413.34;2424.56;2424.56;2424.46;0.00;-9.61;-9.52;sens
2026-08-21 22:34:46.870289;Close OK. order_send(): by;pmxRKO;ETHUSD;buy;2026-08-22 01:05:16;2026-08-21 23:00:00;1.0;2424.36;2437.19;2437.19;2437.19;0.00;10.99;10.99;sens
2026-08-21 23:19:15.093643;Close OK. order_send(): by;pmxRKO;ETHUSD;sell;2026-08-22 01:34:46;2026-08-21 23:00:00;1.0;2437.19;2459.21;2459.21;2459.21;0.00;-21.48;-18.86;sens
2026-08-21 23:34:36.624674;Close OK. order_send(): by;pmxRKO;ETHUSD;buy;2026-08-22 02:19:15;2026-08-22 00:00:00;1.0;2459.21;2491.49;2491.49;2491.49;0.00;27.65;27.65;sens
2026-08-21 23:46:04.654118;Close OK. order_send(): by;pmxRKO;ETHUSD;sell;2026-08-22 02:34:36;2026-08-22 00:00:00;1.0;2491.49;2493.91;2493.91;2493.91;0.00;-2.07;-2.07;sens
2026-08-22 00:24:01.253651;Close OK. order_send(): by;pmxRKO;ETHUSD;buy;2026-08-22 03:12:23;2026-08-22 01:00:00;1.0;2542.06;2529.84;2529.84;2529.84;0.00;-10.47;-10.47;sens
2026-08-22 00:32:13.166502;Close OK. order_send(): by;pmxRKO;ETHUSD;sell;2026-08-22 03:24:01;2026-08-22 01:00:00;1.0;2529.84;2516.16;2516.16;2516.01;0.00;11.72;11.84;sens
2026-08-22 01:01:17.181533;Close OK. order_send(): by;pmxRKO;ETHUSD;buy;2026-08-22 03:33:19;2026-08-22 01:00:00;1.0;2522.36;2519.74;2519.74;2519.79;0.00;-2.24;-2.20;sens
2026-08-22 01:04:07.248884;Close OK. order_send(): by;pmxRKO;ETHUSD;sell;2026-08-22 04:01:17;2026-08-22 02:00:00;1.0;2519.79;2528.01;2528.01;2528.01;0.00;-7.04;-7.04;sens
2026-08-22 01:09:58.826223;Close OK. order_send(): by;pmxRKO;ETHUSD;sell;2026-08-22 04:05:13;2026-08-22 02:00:00;1.0;2516.84;2522.76;2522.76;2522.76;0.00;-5.07;-5.07;sens
2026-08-22 02:06:31.657510;Close OK. order_send(): by;pmxRKO;ETHUSD;buy;2026-08-22 04:22:23;None;1.0;2546.06;2498.69;2498.69;2498.69;0.00;-40.57;-40.57;sens
2026-08-22 02:12:33.405476;Close OK. order_send(): by;pmxRKO;ETHUSD;sell;2026-08-22 05:06:31;2026-08-22 03:00:00;1.0;2498.69;2505.36;2505.36;2505.36;0.00;-5.71;-5.71;sens
2026-08-22 02:23:33.288989;Close OK. order_send(): by;pmxRKO;ETHUSD;buy;2026-08-22 05:12:33;2026-08-22 03:00:00;1.0;2505.31;2506.99;2506.84;2506.84;0.00;1.44;1.31;sens
2026-08-22 02:51:00.821404;Close OK. order_send(): by;pmxRKO;ETHUSD;sell;2026-08-22 05:23:33;2026-08-22 03:00:00;1.0;2506.89;2518.61;2518.61;2518.61;0.00;-10.04;-10.04;sens
2026-08-22 03:24:16.496597;Close OK. order_send(): by;pmxRKO;ETHUSD;buy;2026-08-22 05:51:00;2026-08-22 03:00:00;1.0;2518.51;2514.84;2514.84;2514.84;0.00;-3.14;-3.14;sens
2026-08-22 03:29:20.000870;Close OK. order_send(): by;pmxRKO;ETHUSD;sell;2026-08-22 06:24:16;2026-08-22 04:00:00;1.0;2514.94;2519.81;2519.81;2519.81;0.00;-4.17;-4.17;sens
2026-08-22 03:40:25.128710;Close OK. order_send(): by;pmxRKO;ETHUSD;buy;2026-08-22 06:34:22;2026-08-22 04:00:00;1.0;2526.26;2514.89;2514.89;2514.89;0.00;-9.74;-9.74;sens
2026-08-22 03:55:30.729734;Close OK. order_send(): by;pmxRKO;ETHUSD;sell;2026-08-22 06:40:25;2026-08-22 04:00:00;1.0;2514.84;2521.31;2521.31;2521.31;0.00;-5.54;-5.54;sens
2026-08-22 04:02:35.789394;Close OK. order_send(): by;pmxRKO;ETHUSD;buy;2026-08-22 06:55:30;2026-08-22 04:00:00;1.0;2521.31;2506.79;2506.79;2506.74;0.00;-12.44;-12.48;sens
2026-08-22 04:28:52.575151;Close OK. order_send(): by;pmxRKO;ETHUSD;sell;2026-08-22 07:02:35;2026-08-22 05:00:00;1.0;2506.74;2523.06;2523.06;2523.06;0.00;-13.98;-13.98;sens
2026-08-22 05:04:08.783326;Close OK. order_send(): by;pmxRKO;ETHUSD;sell;2026-08-22 07:35:53;2026-08-22 05:00:00;1.0;2498.29;2520.76;2520.76;2520.81;0.00;-19.24;-19.29;sens
2026-08-22 05:18:16.209890;Close OK. order_send(): by;pmxRKO;ETHUSD;sell;2026-08-22 08:12:13;2026-08-22 06:00:00;1.0;2511.09;2521.51;2521.51;2521.51;0.00;-8.92;-8.92;sens
2026-08-22 05:43:28.081899;Close OK. order_send(): by;pmxRKO;ETHUSD;buy;2026-08-22 08:18:16;2026-08-22 06:00:00;1.0;2521.51;2513.64;2513.64;2513.64;0.00;-6.74;-6.74;sens
2026-08-22 05:48:30.060561;Close OK. order_send(): by;pmxRKO;ETHUSD;sell;2026-08-22 08:43:28;2026-08-22 06:00:00;1.0;2513.69;2520.21;2520.21;2520.21;0.00;-5.58;-5.58;sens
2026-08-22 06:02:36.049907;Close OK. order_send(): by;pmxRKO;ETHUSD;buy;2026-08-22 08:48:30;2026-08-22 06:00:00;1.0;2520.21;2510.99;2510.99;2510.94;0.00;-7.90;-7.94;sens
2026-08-22 06:11:44.009049;Close OK. order_send(): by;pmxRKO;ETHUSD;sell;2026-08-22 09:02:36;2026-08-22 07:00:00;1.0;2510.94;2519.96;2519.91;2519.91;0.00;-7.72;-7.68;sens
2026-08-22 06:17:46.521116;Close OK. order_send(): by;pmxRKO;ETHUSD;buy;2026-08-22 09:11:44;2026-08-22 07:00:00;1.0;2519.91;2509.14;2509.14;2508.64;0.00;-9.22;-9.65;sens
2026-08-22 06:30:52.473860;Close OK. order_send(): by;pmxRKO;ETHUSD;sell;2026-08-22 09:17:46;2026-08-22 07:00:00;1.0;2509.14;2517.21;2517.21;2517.21;0.00;-6.91;-6.91;sens
2026-08-22 07:20:26.488219;Close OK. order_send(): by;pmxRKO;ETHUSD;sell;2026-08-22 10:10:47;2026-08-22 08:00:00;1.0;2426.14;2441.26;2441.26;2441.26;0.00;-12.95;-12.95;sens
2026-08-22 07:33:33.096964;Close OK. order_send(): by;pmxRKO;ETHUSD;buy;2026-08-22 10:20:26;2026-08-22 08:00:00;1.0;2441.26;2435.14;2435.14;2434.94;0.00;-5.24;-5.41;sens
2026-08-22 07:37:35.968433;Close OK. order_send(): by;pmxRKO;ETHUSD;sell;2026-08-22 10:33:33;2026-08-22 08:00:00;1.0;2435.14;2438.61;2438.61;2438.61;0.00;-2.97;-2.97;sens
2026-08-22 07:41:37.087700;Close OK. order_send(): by;pmxRKO;ETHUSD;buy;2026-08-22 10:37:36;2026-08-22 08:00:00;1.0;2438.71;2426.54;2426.54;2426.64;0.00;-10.42;-10.34;sens
2026-08-22 07:48:39.040439;Close OK. order_send(): by;pmxRKO;ETHUSD;sell;2026-08-22 10:41:37;2026-08-22 08:00:00;1.0;2426.64;2441.61;2441.61;2441.56;0.00;-12.82;-12.78;sens
2026-08-22 07:56:44.450483;Close OK. order_send(): by;pmxRKO;ETHUSD;buy;2026-08-22 10:48:39;2026-08-22 08:00:00;1.0;2441.56;2435.54;2435.54;2434.74;0.00;-5.16;-5.84;sens
2026-08-22 08:24:56.031891;Close OK. order_send(): by;pmxRKO;ETHUSD;sell;2026-08-22 10:56:44;2026-08-22 08:00:00;1.0;2435.24;2438.46;2438.46;2438.46;0.00;-2.76;-2.76;sens
2026-08-22 08:30:59.551552;Close OK. order_send(): by;pmxRKO;ETHUSD;buy;2026-08-22 11:24:56;2026-08-22 09:00:00;1.0;2438.46;2427.89;2427.89;2427.89;0.00;-9.05;-9.05;sens
2026-08-22 08:39:03.473924;Close OK. order_send(): by;pmxRKO;ETHUSD;sell;2026-08-22 11:30:59;2026-08-22 09:00:00;1.0;2427.89;2436.11;2436.11;2436.11;0.00;-7.04;-7.04;sens
2026-08-22 09:11:19.553945;Close OK. order_send(): by;pmxRKO;ETHUSD;buy;2026-08-22 11:39:03;2026-08-22 09:00:00;1.0;2436.11;2433.29;2433.29;2432.59;0.00;-2.42;-3.01;sens
2026-08-22 09:22:26.952840;Close OK. order_send(): by;pmxRKO;ETHUSD;sell;2026-08-22 12:11:19;2026-08-22 10:00:00;1.0;2432.04;2438.56;2438.56;2438.56;0.00;-5.58;-5.58;sens
2026-08-22 09:41:36.959786;Close OK. order_send(): by;pmxRKO;ETHUSD;buy;2026-08-22 12:22:27;2026-08-22 10:00:00;1.0;2438.36;2431.99;2431.99;2432.09;0.00;-5.46;-5.37;sens
2026-08-22 10:11:56.202537;Close OK. order_send(): by;pmxRKO;ETHUSD;sell;2026-08-22 12:41:37;2026-08-22 10:00:00;1.0;2432.09;2440.91;2440.91;2440.91;0.00;-7.55;-7.55;sens
2026-08-22 10:19:57.711304;Close OK. order_send(): by;pmxRKO;ETHUSD;buy;2026-08-22 13:11:56;2026-08-22 11:00:00;1.0;2440.91;2431.29;2431.29;2431.29;0.00;-8.24;-8.24;sens
2026-08-24 16:14:32.898814;Close OK. order_send(): by;pmxRKO;ETHUSD;buy;2026-08-24 18:33:24;None;1.0;2489.26;2509.34;2509.34;2509.24;0.00;17.21;17.12;norm
2026-08-27 00:16:58.261917;Close OK. order_send(): by;pmxRKO;ETHUSD;buy;2026-08-25 14:51:32;None;1.0;2472.71;2511.34;2511.34;2511.34;0.00;31.40;33.15;norm
2026-08-27 12:03:10.373082;Close OK. order_send(): by;pmxRKO;ETHUSD;sell;2026-08-27 06:03:20;2026-08-27 04:00:00;1.0;2485.94;2533.56;2533.56;2533.36;0.00;-40.91;-40.74;norm
2026-08-27 12:26:19.415574;Close OK. order_send(): by;pmxRKO;ETHUSD;buy;2026-08-27 15:03:10;2026-08-27 13:00:00;1.0;2533.51;2503.24;2503.24;2503.24;0.00;-25.99;-25.99;norm
2026-09-01 10:09:00.502589;Close OK. order_send(): by;pmxRKO;ETHUSD;buy;2026-08-31 02:06:25;2026-08-31 00:00:00;1.0;2473.83;2461.22;2461.22;2461.12;0.00;-11.77;-10.97;norm
2026-09-03 16:32:50.548377;Close OK. order_send(): by;pmxRKO;ETHUSD;buy;2026-09-01 22:59:50;2026-09-01 20:00:00;1.0;2418.63;2461.57;2461.57;2460.87;0.00;35.23;36.35;norm
2026-09-04 14:30:12.295526;Close OK. order_send(): by;pmxRKO;ETHUSD;sell;2026-09-03 19:32:50;2026-09-03 17:00:00;1.0;2460.77;2501.93;2501.93;2498.53;0.00;-36.11;-32.58;norm
2026-09-08 15:35:35.412693;Close OK. order_send(): by;pmxRKO;ETHUSD;buy;1.0;2492.43;2452.57;2452.57;2452.87;0.00;-34.31;-34.05;norm
2026-09-09 09:05:24.199861;Close OK. order_send(): by;pmxRKO;ETHUSD;sell;1.0;2453.37;2508.33;2508.33;2508.33;0.00;-47.81;-47.21;norm
2026-09-09 10:32:15.156023;Close OK. order_send(): by;pmxRKO;ETHUSD;buy;1.0;2508.33;2519.67;2519.67;2519.67;0.00;9.74;9.74;norm
2026-09-10 03:33:04.605460;Close OK. order_send(): by;pmxRKO;ETHUSD;buy;1.0;2508.13;2459.97;2460.07;2459.57;0.00;-42.28;-41.75;norm
2026-09-10 15:52:55.863813;Close OK. order_send(): by;pmxRKO;ETHUSD;buy;1.0;2434.03;2430.67;2430.67;2430.77;0.00;-2.89;-2.81;norm
2026-09-11 06:29:30.671484;Close OK. order_send(): by;pmxRKO;ETHUSD;sell;1.0;2430.87;2462.33;2462.33;2462.33;0.00;-27.69;-27.10;norm
2026-09-11 14:47:36.222403;Close OK. order_send(): by;pmxRKO;ETHUSD;sell;1.0;2448.27;2509.23;2508.93;2508.53;0.00;-52.57;-51.96;norm
2026-09-11 15:49:51.165993;Close OK. order_send(): by;pmxRKO;ETHUSD;sell;1.0;2553.17;2585.63;2579.43;2583.13;0.00;-27.97;-25.81;norm
2026-09-11 17:10:16.353223;Close OK. order_send(): by;pmxRKO;ETHUSD;buy;1.0;2609.83;2600.57;2600.97;2601.17;0.00;-7.98;-7.46;norm
2026-09-11 18:18:19.367769;Close OK. order_send(): by;pmxRKO;ETHUSD;sell;1.0;2562.97;2553.03;2552.33;2552.33;0.00;8.57;9.17;norm
2026-09-11 19:54:31.411803;Close OK. order_send(): by;pmxRKO;ETHUSD;buy;1.0;2582.93;2564.47;2564.67;2564.67;0.00;-15.91;-15.74;norm
2026-09-12 00:21:54.357780;Close OK. order_send(): by;pmxRKO;ETHUSD;buy;1.0;2509.13;2520.37;2520.27;2520.37;0.00;9.69;9.69;norm
2026-09-12 00:52:21.411134;Close OK. order_send(): by;pmxRKO;ETHUSD;sell;1.0;2520.37;2509.03;2509.13;2509.13;0.00;9.78;9.69;norm
2026-09-13 08:53:36.905546;Close OK. order_send(): by;pmxRKO;ETHUSD;buy;1.0;2537.63;2509.97;2510.07;2510.07;0.00;-23.85;-23.76;norm
2026-09-14 09:17:06.239357;Close OK. order_send(): by;pmxRKO;ETHUSD;buy;2.0;2524.13;2520.07;2519.87;2519.97;0.00;-7.03;-7.20;norm
2026-09-18 11:06:25.720884;Close OK. order_send(): by;pmxRKO;ETHUSD;sell;2.0;2465.97;2511.23;2511.23;2511.33;0.00;-78.83;-79.00;norm
2026-09-22 11:54:00.137810;Close OK. order_send(): by;pmxRKO;ETHUSD;sell;0.5;2733.84;2754.46;2754.66;2754.36;0.00;-8.99;-8.95;norm
2026-09-23 09:44:41.343235;Close OK. order_send(): by;pmxRKO;ETHUSD;buy;0.5;2772.86;2733.34;2733.84;2734.24;0.00;-17.30;-16.91;norm
2026-09-23 16:10:51.823491;Close OK. order_send(): by;pmxRKO;ETHUSD;buy;0.5;2719.96;2678.34;2676.14;2674.54;0.00;-18.25;-19.92;norm
2026-09-25 11:26:05.443824;Close OK. order_send(): by;pmxRKO;ETHUSD;sell;0.4;2660.75;2702.25;2702.25;2702.15;0.00;-14.83;-14.54;norm
2026-09-26 23:27:33.339805;Close OK. order_send(): by;pmxRKO;ETHUSD;buy;0.1;2702.05;2685.35;2684.95;2685.15;0.00;-1.76;-1.48;norm
2026-09-27 15:01:06.187662;Close OK. order_send(): by;pmxRKO;ETHUSD;sell;0.1;2684.55;2701.75;2701.85;2701.85;0.00;-1.51;-1.52;norm
2026-09-28 01:26:53.229277;Close OK. order_send(): by;pmxRKO;ETHUSD;buy;0.1;2702.45;2685.05;2684.95;2685.05;0.00;-1.53;-1.53;norm
2026-09-28 02:31:09.813957;Close OK. order_send(): by;pmxRKO;ETHUSD;sell;0.1;2685.05;2688.15;2688.35;2687.95;0.00;-0.27;-0.25;norm
2026-09-28 07:32:14.832339;Close OK. order_send(): by;pmxRKO;ETHUSD;buy;0.1;2686.55;2642.55;2641.95;2642.35;0.00;-3.86;-3.88;norm
2026-09-28 08:11:21.119250;Close OK. order_send(): by;pmxRKO;ETHUSD;sell;0.1;2642.45;2658.45;2658.65;2658.25;0.00;-1.41;-1.39;norm
2026-09-28 09:34:05.761924;Close OK. order_send(): by;pmxRKO;ETHUSD;buy;0.1;2658.25;2640.85;2641.05;2640.55;0.00;-1.53;-1.56;norm
2026-09-28 17:17:36.224272;Close OK. order_send(): by;pmxRKO;ETHUSD;sell;0.1;2640.75;2658.05;2658.35;2658.65;0.00;-1.52;-1.57;norm
2026-09-28 17:36:05.460209;Close OK. order_send(): by;pmxRKO;ETHUSD;buy;0.1;2658.35;2669.85;2670.05;2670.05;0.00;1.01;1.03;norm
2026-10-08 21:20:12.768899;Close OK. order_send(): by;pmxRKO;ETHUSD;buy;1.0;2412.24;2452.26;2451.96;2451.96;0.00;35.69;35.43;sltp
